{
	"filename": "./example.004.AA.fasta",
	"sequenNumber": 6,
	"residNumber": 15,
	"aligned": true,
	"format": "fasta",
	"AutoMethod": "1",
	"SequenceType":3,
	"2ndSlopeCutPoint":0,
	"names": ["Sp8", "Sp17", "Sp10", "Sp26", "Sp33", "Sp6"],
	"sequences": [
		"FPWNGLQIHMMGIII",
		"FPWNGLQIHMMGIII",
		"FPWNGLQIHMMGIII",
		"FPWNGLQIHMMGIII",
		"FPWNGLQIHMMGIII",
		"FPWNGLQIHMMGIII"
		],
	"noGapsSequences": [
		"FPWNGLQIHMMGIII",
		"FPWNGLQIHMMGIII",
		"FPWNGLQIHMMGIII",
		"FPWNGLQIHMMGIII",
		"FPWNGLQIHMMGIII",
		"FPWNGLQIHMMGIII"
		],
	"noGapsSize": [15,15,15,15,15,15],
	"gapsPerColumn":[0,0,0,0,0,0,0,0,0,0,0,0,0,0,0],
	"cleanGaps":{
		"baseline=0.000000":{
			"gapsPct=0.000000":[0,1,2,3,4,5,6,7,8,9,10,11,12,13,14],
			"gapsPct=0.250000":[0,1,2,3,4,5,6,7,8,9,10,11,12,13,14],
			"gapsPct=0.500000":[0,1,2,3,4,5,6,7,8,9,10,11,12,13,14],
			"gapsPct=0.750000":[0,1,2,3,4,5,6,7,8,9,10,11,12,13,14],
			"gapsPct=1.000000":[0,1,2,3,4,5,6,7,8,9,10,11,12,13,14]
		},
		"baseline=0.250000":{
			"gapsPct=0.000000":[0,1,2,3,4,5,6,7,8,9,10,11,12,13,14],
			"gapsPct=0.250000":[0,1,2,3,4,5,6,7,8,9,10,11,12,13,14],
			"gapsPct=0.500000":[0,1,2,3,4,5,6,7,8,9,10,11,12,13,14],
			"gapsPct=0.750000":[0,1,2,3,4,5,6,7,8,9,10,11,12,13,14],
			"gapsPct=1.000000":[0,1,2,3,4,5,6,7,8,9,10,11,12,13,14]
		},
		"baseline=0.500000":{
			"gapsPct=0.000000":[0,1,2,3,4,5,6,7,8,9,10,11,12,13,14],
			"gapsPct=0.250000":[0,1,2,3,4,5,6,7,8,9,10,11,12,13,14],
			"gapsPct=0.500000":[0,1,2,3,4,5,6,7,8,9,10,11,12,13,14],
			"gapsPct=0.750000":[0,1,2,3,4,5,6,7,8,9,10,11,12,13,14],
			"gapsPct=1.000000":[0,1,2,3,4,5,6,7,8,9,10,11,12,13,14]
		},
		"baseline=0.750000":{
			"gapsPct=0.000000":[0,1,2,3,4,5,6,7,8,9,10,11,12,13,14],
			"gapsPct=0.250000":[0,1,2,3,4,5,6,7,8,9,10,11,12,13,14],
			"gapsPct=0.500000":[0,1,2,3,4,5,6,7,8,9,10,11,12,13,14],
			"gapsPct=0.750000":[0,1,2,3,4,5,6,7,8,9,10,11,12,13,14],
			"gapsPct=1.000000":[0,1,2,3,4,5,6,7,8,9,10,11,12,13,14]
		},
		"baseline=1.000000":{
			"gapsPct=0.000000":[0,1,2,3,4,5,6,7,8,9,10,11,12,13,14],
			"gapsPct=0.250000":[0,1,2,3,4,5,6,7,8,9,10,11,12,13,14],
			"gapsPct=0.500000":[0,1,2,3,4,5,6,7,8,9,10,11,12,13,14],
			"gapsPct=0.750000":[0,1,2,3,4,5,6,7,8,9,10,11,12,13,14],
			"gapsPct=1.000000":[0,1,2,3,4,5,6,7,8,9,10,11,12,13,14]
		}
	},
	"cleanNoAllGaps":[0,1,2,3,4,5,6,7,8,9,10,11,12,13,14],
	"clean2ndSlope":[0,1,2,3,4,5,6,7,8,9,10,11,12,13,14],
	"cleanCombMethods lax":[0,1,2,3,4,5,6,7,8,9,10,11,12,13,14],
	"mdk":[1,1,1,1,1,1,1,1,1,1,1,1,1,1,1],
	"consCutPoint":{
		"baseline=0":{
			"simPct=0":0,
			"simPct=0.25":0,
			"simPct=0.5":0,
			"simPct=0.75":0,
			"simPct=1":0
		},
		"baseline=0.25":{
			"simPct=0":0,
			"simPct=0.25":0,
			"simPct=0.5":0,
			"simPct=0.75":0,
			"simPct=1":0
		},
		"baseline=0.5":{
			"simPct=0":0,
			"simPct=0.25":0,
			"simPct=0.5":0,
			"simPct=0.75":0,
			"simPct=1":0
		},
		"baseline=0.75":{
			"simPct=0":0,
			"simPct=0.25":0,
			"simPct=0.5":0,
			"simPct=0.75":0,
			"simPct=1":0
		},
		"baseline=1":{
			"simPct=0":0,
			"simPct=0.25":0,
			"simPct=0.5":0,
			"simPct=0.75":0,
			"simPct=1":0
		}
	},
	"cleanCombMethods strict":[0,1,2,3,4,5,6,7,8,9,10,11,12,13,14]
}
