{
	"filename": "example.001.AA.msl",
	"sequenNumber": 6,
	"residNumber": 46,
	"aligned": true,
	"format": "phylip40",
	"AutoMethod": "2",
	"SequenceType":3,
	"2ndSlopeCutPoint":1,
	"names": ["Sp8", "Sp17", "Sp10", "Sp26", "Sp33", "Sp6"],
	"sequences": [
		"-----GLGKVIV-YGIVLGTKSDQFSNWVVWLFPWNGLQIHMMGII",
		"--FAYTAPDLLL-IGFLLKTV-ATFG--DTWFQLWQGLDLNKMPVF",
		"------DPAVL--FVIMLGTI-TKFS--SEWFFAWLGLEINMMVII",
		"AAAAAAAAALLTYLGLFLGTDYENFA--AAAANAWLGLEINMMAQI",
		"-------PTILNIAGLHMETD-INFS--LAWFQAWGGLEINKQAIL",
		"-----ASGAILT-LGIYLFTLCAVIS--VSWYLAWLGLEINMMAII"
		],
	"noGapsSequences": [
		"GLGKVIVYGIVLGTKSDQFSNWVVWLFPWNGLQIHMMGII",
		"FAYTAPDLLLIGFLLKTVATFGDTWFQLWQGLDLNKMPVF",
		"DPAVLFVIMLGTITKFSSEWFFAWLGLEINMMVII",
		"AAAAAAAAALLTYLGLFLGTDYENFAAAAANAWLGLEINMMAQI",
		"PTILNIAGLHMETDINFSLAWFQAWGGLEINKQAIL",
		"ASGAILTLGIYLFTLCAVISVSWYLAWLGLEINMMAII"
		],
	"noGapsSize": [40,40,35,44,36,38],
	"gapsPerColumn":[5,5,4,4,4,2,1,0,0,0,0,1,4,0,0,0,0,0,0,0,0,3,0,0,0,0,5,5,0,0,0,0,0,0,0,0,0,0,0,0,0,0,0,0,0,0],
	"cleanGaps":{
		"baseline=0.000000":{
			"gapsPct=0.000000":[-1,-1,-1,-1,-1,-1,-1,7,8,9,10,-1,-1,13,14,15,16,17,18,19,20,-1,22,23,24,25,-1,-1,28,29,30,31,32,33,34,35,36,37,38,39,40,41,42,43,44,45],
			"gapsPct=0.250000":[-1,-1,-1,-1,-1,-1,6,7,8,9,10,11,-1,13,14,15,16,17,18,19,20,-1,22,23,24,25,-1,-1,28,29,30,31,32,33,34,35,36,37,38,39,40,41,42,43,44,45],
			"gapsPct=0.500000":[-1,-1,-1,-1,-1,5,6,7,8,9,10,11,-1,13,14,15,16,17,18,19,20,21,22,23,24,25,-1,-1,28,29,30,31,32,33,34,35,36,37,38,39,40,41,42,43,44,45],
			"gapsPct=0.750000":[-1,-1,2,3,4,5,6,7,8,9,10,11,12,13,14,15,16,17,18,19,20,21,22,23,24,25,-1,-1,28,29,30,31,32,33,34,35,36,37,38,39,40,41,42,43,44,45],
			"gapsPct=1.000000":[0,1,2,3,4,5,6,7,8,9,10,11,12,13,14,15,16,17,18,19,20,21,22,23,24,25,26,27,28,29,30,31,32,33,34,35,36,37,38,39,40,41,42,43,44,45]
		},
		"baseline=0.250000":{
			"gapsPct=0.000000":[-1,-1,-1,-1,-1,-1,-1,7,8,9,10,-1,-1,13,14,15,16,17,18,19,20,-1,22,23,24,25,-1,-1,28,29,30,31,32,33,34,35,36,37,38,39,40,41,42,43,44,45],
			"gapsPct=0.250000":[-1,-1,-1,-1,-1,-1,6,7,8,9,10,11,-1,13,14,15,16,17,18,19,20,-1,22,23,24,25,-1,-1,28,29,30,31,32,33,34,35,36,37,38,39,40,41,42,43,44,45],
			"gapsPct=0.500000":[-1,-1,-1,-1,-1,5,6,7,8,9,10,11,-1,13,14,15,16,17,18,19,20,21,22,23,24,25,-1,-1,28,29,30,31,32,33,34,35,36,37,38,39,40,41,42,43,44,45],
			"gapsPct=0.750000":[-1,-1,2,3,4,5,6,7,8,9,10,11,12,13,14,15,16,17,18,19,20,21,22,23,24,25,-1,-1,28,29,30,31,32,33,34,35,36,37,38,39,40,41,42,43,44,45],
			"gapsPct=1.000000":[0,1,2,3,4,5,6,7,8,9,10,11,12,13,14,15,16,17,18,19,20,21,22,23,24,25,26,27,28,29,30,31,32,33,34,35,36,37,38,39,40,41,42,43,44,45]
		},
		"baseline=0.500000":{
			"gapsPct=0.000000":[-1,-1,-1,-1,-1,-1,-1,7,8,9,10,-1,-1,13,14,15,16,17,18,19,20,-1,22,23,24,25,-1,-1,28,29,30,31,32,33,34,35,36,37,38,39,40,41,42,43,44,45],
			"gapsPct=0.250000":[-1,-1,-1,-1,-1,-1,6,7,8,9,10,11,-1,13,14,15,16,17,18,19,20,-1,22,23,24,25,-1,-1,28,29,30,31,32,33,34,35,36,37,38,39,40,41,42,43,44,45],
			"gapsPct=0.500000":[-1,-1,-1,-1,-1,5,6,7,8,9,10,11,-1,13,14,15,16,17,18,19,20,21,22,23,24,25,-1,-1,28,29,30,31,32,33,34,35,36,37,38,39,40,41,42,43,44,45],
			"gapsPct=0.750000":[-1,-1,2,3,4,5,6,7,8,9,10,11,12,13,14,15,16,17,18,19,20,21,22,23,24,25,-1,-1,28,29,30,31,32,33,34,35,36,37,38,39,40,41,42,43,44,45],
			"gapsPct=1.000000":[0,1,2,3,4,5,6,7,8,9,10,11,12,13,14,15,16,17,18,19,20,21,22,23,24,25,26,27,28,29,30,31,32,33,34,35,36,37,38,39,40,41,42,43,44,45]
		},
		"baseline=0.750000":{
			"gapsPct=0.000000":[-1,-1,-1,-1,-1,-1,-1,7,8,9,10,-1,-1,13,14,15,16,17,18,19,20,-1,22,23,24,25,-1,-1,28,29,30,31,32,33,34,35,36,37,38,39,40,41,42,43,44,45],
			"gapsPct=0.250000":[-1,-1,-1,-1,-1,-1,6,7,8,9,10,11,-1,13,14,15,16,17,18,19,20,-1,22,23,24,25,-1,-1,28,29,30,31,32,33,34,35,36,37,38,39,40,41,42,43,44,45],
			"gapsPct=0.500000":[-1,-1,-1,-1,-1,5,6,7,8,9,10,11,-1,13,14,15,16,17,18,19,20,21,22,23,24,25,-1,-1,28,29,30,31,32,33,34,35,36,37,38,39,40,41,42,43,44,45],
			"gapsPct=0.750000":[-1,-1,2,3,4,5,6,7,8,9,10,11,12,13,14,15,16,17,18,19,20,21,22,23,24,25,-1,-1,28,29,30,31,32,33,34,35,36,37,38,39,40,41,42,43,44,45],
			"gapsPct=1.000000":[0,1,2,3,4,5,6,7,8,9,10,11,12,13,14,15,16,17,18,19,20,21,22,23,24,25,26,27,28,29,30,31,32,33,34,35,36,37,38,39,40,41,42,43,44,45]
		},
		"baseline=1.000000":{
			"gapsPct=0.000000":[-1,-1,-1,-1,-1,-1,-1,7,8,9,10,-1,-1,13,14,15,16,17,18,19,20,-1,22,23,24,25,-1,-1,28,29,30,31,32,33,34,35,36,37,38,39,40,41,42,43,44,45],
			"gapsPct=0.250000":[-1,-1,-1,-1,-1,-1,6,7,8,9,10,11,-1,13,14,15,16,17,18,19,20,-1,22,23,24,25,-1,-1,28,29,30,31,32,33,34,35,36,37,38,39,40,41,42,43,44,45],
			"gapsPct=0.500000":[-1,-1,-1,-1,-1,5,6,7,8,9,10,11,-1,13,14,15,16,17,18,19,20,21,22,23,24,25,-1,-1,28,29,30,31,32,33,34,35,36,37,38,39,40,41,42,43,44,45],
			"gapsPct=0.750000":[-1,-1,2,3,4,5,6,7,8,9,10,11,12,13,14,15,16,17,18,19,20,21,22,23,24,25,-1,-1,28,29,30,31,32,33,34,35,36,37,38,39,40,41,42,43,44,45],
			"gapsPct=1.000000":[0,1,2,3,4,5,6,7,8,9,10,11,12,13,14,15,16,17,18,19,20,21,22,23,24,25,26,27,28,29,30,31,32,33,34,35,36,37,38,39,40,41,42,43,44,45]
		}
	},
	"cleanNoAllGaps":[0,1,2,3,4,5,6,7,8,9,10,11,12,13,14,15,16,17,18,19,20,21,22,23,24,25,26,27,28,29,30,31,32,33,34,35,36,37,38,39,40,41,42,43,44,45],
	"clean2ndSlope":[-1,-1,-1,-1,-1,-1,6,7,8,9,10,11,-1,13,14,15,16,17,18,19,20,-1,22,23,24,25,-1,-1,28,29,30,31,32,33,34,35,36,37,38,39,40,41,42,43,44,45],
	"cleanCombMethods lax":[-1,-1,-1,-1,-1,-1,-1,-1,-1,-1,-1,-1,-1,-1,14,15,16,17,18,19,-1,-1,-1,-1,-1,-1,-1,-1,-1,29,30,31,32,33,34,35,36,37,38,39,40,41,42,43,44,45],
	"mdk":[0,0,7.47347030483069829642772674560546875e-07,1,3.87007048630039207637310028076171875e-07,0.00023949981550686061382293701171875,4.453272777027450501918792724609375e-05,0.00014618481509387493133544921875,0.0001698784180916845798492431640625,0.02956536971032619476318359375,0.223012626171112060546875,2.676338772289454936981201171875e-05,1.070133293978869915008544921875e-06,4.501729199546389281749725341796875e-05,0.007613905705511569976806640625,0.0039569325745105743408203125,9.8853188319480977952480316162109375e-06,0.169220447540283203125,1.3977782145957462489604949951171875e-05,1,5.07544018546468578279018402099609375e-06,1.667527982363026239909231662750244140625e-07,2.07332777790725231170654296875e-05,2.9744371204287745058536529541015625e-05,0.0381896458566188812255859375,0.00448187254369258880615234375,0,0,2.0325473087723366916179656982421875e-05,0.000131754481117241084575653076171875,0.002195195294916629791259765625,0.0001591528416611254215240478515625,2.895061015806277282536029815673828125e-06,0.0005503073916770517826080322265625,1,4.384224666864611208438873291015625e-06,1,1,0.013535761274397373199462890625,0.20906569063663482666015625,0.022533111274242401123046875,0.0007525778491981327533721923828125,0.0166026614606380462646484375,8.74074830790050327777862548828125e-05,0.001912587322294712066650390625,0.006559920497238636016845703125],
	"Q":[0,0,14.10673618316650390625,0,14.76482295989990234375,8.3369579315185546875,10.01928615570068359375,8.830638885498046875,8.68042755126953125,3.52115154266357421875,1.500526905059814453125,10.52847576141357421875,13.74772739410400390625,10.00846385955810546875,4.8777790069580078125,5.532286167144775390625,11.5244598388671875,1.77655303478240966796875,11.1780414581298828125,0,12.191097259521484375,15.60675334930419921875,10.78377056121826171875,10.422870635986328125,3.2651908397674560546875,5.407714366912841796875,0,0,10.80363559722900390625,8.9345703125,6.121484279632568359375,8.7456455230712890625,12.7525043487548828125,7.5050334930419921875,0,12.337497711181640625,0,0,4.302420139312744140625,1.56510674953460693359375,3.79276943206787109375,7.19200611114501953125,4.0981922149658203125,9.34492969512939453125,6.2592983245849609375,5.026776790618896484375],
	"consCutPoint":{
		"baseline=0":{
			"simPct=0":0,
			"simPct=0.25":0.223012626171112060546875,
			"simPct=0.5":0.223012626171112060546875,
			"simPct=0.75":0.223012626171112060546875,