{
	"filename": "example.003.AA.clw",
	"sequenNumber": 6,
	"residNumber": 42,
	"aligned": true,
	"format": "phylip40",
	"AutoMethod": "2",
	"SequenceType":3,
	"2ndSlopeCutPoint":1,
	"names": ["Sp6", "Sp17", "Sp10", "Sp8", "Sp26", "Sp33"],
	"sequences": [
		"---ASGAILT-LGIYLFTLCAVISVSWYLAWLGLEINMMAII",
		"FAYTAPDLL-LIGFLLKTVA-TFGDTWFQLWQGLDLNKMPVF",
		"-----DPAVL-FVIMLGTIT-KFSSEWFFAWLGLEINMMVII",
		"---GLGKVIV-YGIVLGTKSDQFSVVWLFPWNGLQIHMMGII",
		"AAAAAAALLTYLGLFLGTDYENFAAAAANAWLGLEINMMAQI",
		"-----PTILNIAGLHMETDI-NFSLAWFQAWGGLEINKQAIL"
		],
	"noGapsSequences": [
		"ASGAILTLGIYLFTLCAVISVSWYLAWLGLEINMMAII",
		"FAYTAPDLLLIGFLLKTVATFGDTWFQLWQGLDLNKMPVF",
		"DPAVLFVIMLGTITKFSSEWFFAWLGLEINMMVII",
		"GLGKVIVYGIVLGTKSDQFSVVWLFPWNGLQIHMMGII",
		"AAAAAAALLTYLGLFLGTDYENFAAAAANAWLGLEINMMAQI",
		"PTILNIAGLHMETDINFSLAWFQAWGGLEINKQAIL"
		],
	"noGapsSize": [38,40,35,38,42,36],
	"gapsPerColumn":[4,4,4,2,2,0,0,0,0,1,3,0,0,0,0,0,0,0,0,0,3,0,0,0,0,0,0,0,0,0,0,0,0,0,0,0,0,0,0,0,0,0],
	"cleanGaps":{
		"baseline=0.000000":{
			"gapsPct=0.000000":[-1,-1,-1,-1,-1,5,6,7,8,-1,-1,11,12,13,14,15,16,17,18,19,-1,21,22,23,24,25,26,27,28,29,30,31,32,33,34,35,36,37,38,39,40,41],
			"gapsPct=0.250000":[-1,-1,-1,-1,-1,5,6,7,8,9,-1,11,12,13,14,15,16,17,18,19,-1,21,22,23,24,25,26,27,28,29,30,31,32,33,34,35,36,37,38,39,40,41],
			"gapsPct=0.500000":[-1,-1,-1,3,4,5,6,7,8,9,10,11,12,13,14,15,16,17,18,19,20,21,22,23,24,25,26,27,28,29,30,31,32,33,34,35,36,37,38,39,40,41],
			"gapsPct=0.750000":[0,1,2,3,4,5,6,7,8,9,10,11,12,13,14,15,16,17,18,19,20,21,22,23,24,25,26,27,28,29,30,31,32,33,34,35,36,37,38,39,40,41],
			"gapsPct=1.000000":[0,1,2,3,4,5,6,7,8,9,10,11,12,13,14,15,16,17,18,19,20,21,22,23,24,25,26,27,28,29,30,31,32,33,34,35,36,37,38,39,40,41]
		},
		"baseline=0.250000":{
			"gapsPct=0.000000":[-1,-1,-1,-1,-1,5,6,7,8,-1,-1,11,12,13,14,15,16,17,18,19,-1,21,22,23,24,25,26,27,28,29,30,31,32,33,34,35,36,37,38,39,40,41],
			"gapsPct=0.250000":[-1,-1,-1,-1,-1,5,6,7,8,9,-1,11,12,13,14,15,16,17,18,19,-1,21,22,23,24,25,26,27,28,29,30,31,32,33,34,35,36,37,38,39,40,41],
			"gapsPct=0.500000":[-1,-1,-1,3,4,5,6,7,8,9,10,11,12,13,14,15,16,17,18,19,20,21,22,23,24,25,26,27,28,29,30,31,32,33,34,35,36,37,38,39,40,41],
			"gapsPct=0.750000":[0,1,2,3,4,5,6,7,8,9,10,11,12,13,14,15,16,17,18,19,20,21,22,23,24,25,26,27,28,29,30,31,32,33,34,35,36,37,38,39,40,41],
			"gapsPct=1.000000":[0,1,2,3,4,5,6,7,8,9,10,11,12,13,14,15,16,17,18,19,20,21,22,23,24,25,26,27,28,29,30,31,32,33,34,35,36,37,38,39,40,41]
		},
		"baseline=0.500000":{
			"gapsPct=0.000000":[-1,-1,-1,-1,-1,5,6,7,8,-1,-1,11,12,13,14,15,16,17,18,19,-1,21,22,23,24,25,26,27,28,29,30,31,32,33,34,35,36,37,38,39,40,41],
			"gapsPct=0.250000":[-1,-1,-1,-1,-1,5,6,7,8,9,-1,11,12,13,14,15,16,17,18,19,-1,21,22,23,24,25,26,27,28,29,30,31,32,33,34,35,36,37,38,39,40,41],
			"gapsPct=0.500000":[-1,-1,-1,3,4,5,6,7,8,9,10,11,12,13,14,15,16,17,18,19,20,21,22,23,24,25,26,27,28,29,30,31,32,33,34,35,36,37,38,39,40,41],
			"gapsPct=0.750000":[0,1,2,3,4,5,6,7,8,9,10,11,12,13,14,15,16,17,18,19,20,21,22,23,24,25,26,27,28,29,30,31,32,33,34,35,36,37,38,39,40,41],
			"gapsPct=1.000000":[0,1,2,3,4,5,6,7,8,9,10,11,12,13,14,15,16,17,18,19,20,21,22,23,24,25,26,27,28,29,30,31,32,33,34,35,36,37,38,39,40,41]
		},
		"baseline=0.750000":{
			"gapsPct=0.000000":[-1,-1,-1,-1,-1,5,6,7,8,-1,-1,11,12,13,14,15,16,17,18,19,-1,21,22,23,24,25,26,27,28,29,30,31,32,33,34,35,36,37,38,39,40,41],
			"gapsPct=0.250000":[-1,-1,-1,-1,-1,5,6,7,8,9,-1,11,12,13,14,15,16,17,18,19,-1,21,22,23,24,25,26,27,28,29,30,31,32,33,34,35,36,37,38,39,40,41],
			"gapsPct=0.500000":[-1,-1,-1,3,4,5,6,7,8,9,10,11,12,13,14,15,16,17,18,19,20,21,22,23,24,25,26,27,28,29,30,31,32,33,34,35,36,37,38,39,40,41],
			"gapsPct=0.750000":[0,1,2,3,4,5,6,7,8,9,10,11,12,13,14,15,16,17,18,19,20,21,22,23,24,25,26,27,28,29,30,31,32,33,34,35,36,37,38,39,40,41],
			"gapsPct=1.000000":[0,1,2,3,4,5,6,7,8,9,10,11,12,13,14,15,16,17,18,19,20,21,22,23,24,25,26,27,28,29,30,31,32,33,34,35,36,37,38,39,40,41]
		},
		"baseline=1.000000":{
			"gapsPct=0.000000":[-1,-1,-1,-1,-1,5,6,7,8,-1,-1,11,12,13,14,15,16,17,18,19,-1,21,22,23,24,25,26,27,28,29,30,31,32,33,34,35,36,37,38,39,40,41],
			"gapsPct=0.250000":[-1,-1,-1,-1,-1,5,6,7,8,9,-1,11,12,13,14,15,16,17,18,19,-1,21,22,23,24,25,26,27,28,29,30,31,32,33,34,35,36,37,38,39,40,41],
			"gapsPct=0.500000":[-1,-1,-1,3,4,5,6,7,8,9,10,11,12,13,14,15,16,17,18,19,20,21,22,23,24,25,26,27,28,29,30,31,32,33,34,35,36,37,38,39,40,41],
			"gapsPct=0.750000":[0,1,2,3,4,5,6,7,8,9,10,11,12,13,14,15,16,17,18,19,20,21,22,23,24,25,26,27,28,29,30,31,32,33,34,35,36,37,38,39,40,41],
			"gapsPct=1.000000":[0,1,2,3,4,5,6,7,8,9,10,11,12,13,14,15,16,17,18,19,20,21,22,23,24,25,26,27,28,29,30,31,32,33,34,35,36,37,38,39,40,41]
		}
	},
	"cleanNoAllGaps":[0,1,2,3,4,5,6,7,8,9,10,11,12,13,14,15,16,17,18,19,20,21,22,23,24,25,26,27,28,29,30,31,32,33,34,35,36,37,38,39,40,41],
	"clean2ndSlope":[-1,-1,-1,-1,-1,5,6,7,8,9,-1,11,12,13,14,15,16,17,18,19,-1,21,22,23,24,25,26,27,28,29,30,31,32,33,34,35,36,37,38,39,40,41],
	"cleanCombMethods lax":[-1,-1,-1,-1,-1,-1,-1,-1,-1,-1,-1,-1,12,13,14,15,16,17,-1,-1,-1,-1,22,23,24,25,26,27,28,29,30,31,32,33,34,35,36,37,38,39,40,41],
	"mdk":[7.47347030483069829642772674560546875e-07,1,3.87007048630039207637310028076171875e-07,0.000236981504713185131549835205078125,0.00030269837589003145694732666015625,3.0732931918464601039886474609375e-05,3.36720186169259250164031982421875e-05,0.00295902066864073276519775390625,0.0597982071340084075927734375,2.36409614444710314273834228515625e-05,3.604764424380846321582794189453125e-05,4.453413203009404242038726806640625e-05,0.0059176995418965816497802734375,0.0038641276769340038299560546875,1.0024303264799527823925018310546875e-05,0.17095874249935150146484375,1.3668826795765198767185211181640625e-05,1,5.4425463531515561044216156005859375e-06,4.70457371193333528935909271240234375e-06,4.10867869504727423191070556640625e-05,2.946643871837295591831207275390625e-05,0.037797369062900543212890625,0.0045301453210413455963134765625,1.924351454363204538822174072265625e-05,0.000126587241538800299167633056640625,0.0025579216890037059783935546875,0.000182220959686674177646636962890625,2.811654894685489125549793243408203125e-06,0.0005881325923837721347808837890625,1,4.65747280031791888177394866943359375e-06,1,1,0.01393590308725833892822265625,0.20635895431041717529296875,0.024973697960376739501953125,0.00072852871380746364593505859375,0.0169987343251705169677734375,8.19996712380088865756988525390625e-05,0.00214329571463167667388916015625,0.0063787731342017650604248046875],
	"Q":[14.10673618316650390625,0,14.76482295989990234375,8.3475284576416015625,8.1027736663818359375,10.39017581939697265625,10.2988433837890625,5.8228969573974609375,2.816779613494873046875,10.65252971649169921875,10.2306690216064453125,10.0192546844482421875,5.12980747222900390625,5.556019306182861328125,11.510498046875,1.76633298397064208984375,11.20039272308349609375,0,12.1212635040283203125,12.26697540283203125,10.09982395172119140625,10.43225860595703125,3.2755157947540283203125,5.3970012664794921875,10.85833644866943359375,8.974578857421875,5.96856021881103515625,8.61029052734375,12.78173732757568359375,7.438558101654052734375,0,12.27703762054443359375,0,0,4.2732868194580078125,1.5781381130218505859375,3.6899321079254150390625,7.224483489990234375,4.07461643218994140625,9.40879535675048828125,6.1454105377197265625,5.054779529571533203125],
	"consCutPoint":{
		"baseline=0":{
			"simPct=0":0,
			"simPct=0.25":0.20635895431041717529296875,
			"simPct=0.5":0.20635895431041717529296875,
			"simPct=0.75":0.20635895431041717529296875,
			"simPct=1":0.20635895431041717529296875
		},
		"baseline=0.25":{
			"simPct=0":0,
			"simPct=0.25":0.20635895431041717529296875,
			"simPct=0.5":0.20635895431041717529296875,
			"simPct=0.75":0.20635895431041717529296875,
			"simPct=1":0.20635895431041717529296875
		},
		"baseline=0.5":{
			"simPct=0":0,
			"simPct=0.25":0.20635895431041717529296875,
			"simPct=0.5":0.20635895431041717529296875,