{
	"filename": "example.002.AA.clw",
	"sequenNumber": 6,
	"residNumber": 42,
	"aligned": true,
	"format": "phylip40",
	"AutoMethod": "2",
	"SequenceType":3,
	"2ndSlopeCutPoint":1,
	"names": ["Sp8", "Sp17", "Sp10", "Sp26", "Sp33", "Sp6"],
	"sequences": [
		"---GLGKVIV-YGIVLGTKSDQFSVVWLFPWNGLQIHMMGII",
		"FAYTAPDLL-LIGFLLKTVA-TFGDTWFQLWQGLDLNKMPVF",
		"-----DPAVL-FVIMLGTIT-KFSSEWFFAWLGLEINMMVII",
		"AAAAAAALLTYLGLFLGTDYENFAAAAANAWLGLEINMMAQI",
		"-----PTILNIAGLHMETDI-NFSLAWFQAWGGLEINKQAIL",
		"---ASGAILT-LGIYLFTLCAVISVSWYLAWLGLEINMMAII"
		],
	"noGapsSequences": [
		"GLGKVIVYGIVLGTKSDQFSVVWLFPWNGLQIHMMGII",
		"FAYTAPDLLLIGFLLKTVATFGDTWFQLWQGLDLNKMPVF",
		"DPAVLFVIMLGTITKFSSEWFFAWLGLEINMMVII",
		"AAAAAAALLTYLGLFLGTDYENFAAAAANAWLGLEINMMAQI",
		"PTILNIAGLHMETDINFSLAWFQAWGGLEINKQAIL",
		"ASGAILTLGIYLFTLCAVISVSWYLAWLGLEINMMAII"
		],
	"noGapsSize": [38,40,35,42,36,38],
	"gapsPerColumn":[4,4,4,2,2,0,0,0,0,1,3,0,0,0,0,0,0,0,0,0,3,0,0,0,0,0,0,0,0,0,0,0,0,0,0,0,0,0,0,0,0,0],
	"cleanGaps":{
		"baseline=0.000000":{
			"gapsPct=0.000000":[-1,-1,-1,-1,-1,5,6,7,8,-1,-1,11,12,13,14,15,16,17,18,19,-1,21,22,23,24,25,26,27,28,29,30,31,32,33,34,35,36,37,38,39,40,41],
			"gapsPct=0.250000":[-1,-1,-1,-1,-1,5,6,7,8,9,-1,11,12,13,14,15,16,17,18,19,-1,21,22,23,24,25,26,27,28,29,30,31,32,33,34,35,36,37,38,39,40,41],
			"gapsPct=0.500000":[-1,-1,-1,3,4,5,6,7,8,9,10,11,12,13,14,15,16,17,18,19,20,21,22,23,24,25,26,27,28,29,30,31,32,33,34,35,36,37,38,39,40,41],
			"gapsPct=0.750000":[0,1,2,3,4,5,6,7,8,9,10,11,12,13,14,15,16,17,18,19,20,21,22,23,24,25,26,27,28,29,30,31,32,33,34,35,36,37,38,39,40,41],
			"gapsPct=1.000000":[0,1,2,3,4,5,6,7,8,9,10,11,12,13,14,15,16,17,18,19,20,21,22,23,24,25,26,27,28,29,30,31,32,33,34,35,36,37,38,39,40,41]
		},
		"baseline=0.250000":{
			"gapsPct=0.000000":[-1,-1,-1,-1,-1,5,6,7,8,-1,-1,11,12,13,14,15,16,17,18,19,-1,21,22,23,24,25,26,27,28,29,30,31,32,33,34,35,36,37,38,39,40,41],
			"gapsPct=0.250000":[-1,-1,-1,-1,-1,5,6,7,8,9,-1,11,12,13,14,15,16,17,18,19,-1,21,22,23,24,25,26,27,28,29,30,31,32,33,34,35,36,37,38,39,40,41],
			"gapsPct=0.500000":[-1,-1,-1,3,4,5,6,7,8,9,10,11,12,13,14,15,16,17,18,19,20,21,22,23,24,25,26,27,28,29,30,31,32,33,34,35,36,37,38,39,40,41],
			"gapsPct=0.750000":[0,1,2,3,4,5,6,7,8,9,10,11,12,13,14,15,16,17,18,19,20,21,22,23,24,25,26,27,28,29,30,31,32,33,34,35,36,37,38,39,40,41],
			"gapsPct=1.000000":[0,1,2,3,4,5,6,7,8,9,10,11,12,13,14,15,16,17,18,19,20,21,22,23,24,25,26,27,28,29,30,31,32,33,34,35,36,37,38,39,40,41]
		},
		"baseline=0.500000":{
			"gapsPct=0.000000":[-1,-1,-1,-1,-1,5,6,7,8,-1,-1,11,12,13,14,15,16,17,18,19,-1,21,22,23,24,25,26,27,28,29,30,31,32,33,34,35,36,37,38,39,40,41],
			"gapsPct=0.250000":[-1,-1,-1,-1,-1,5,6,7,8,9,-1,11,12,13,14,15,16,17,18,19,-1,21,22,23,24,25,26,27,28,29,30,31,32,33,34,35,36,37,38,39,40,41],
			"gapsPct=0.500000":[-1,-1,-1,3,4,5,6,7,8,9,10,11,12,13,14,15,16,17,18,19,20,21,22,23,24,25,26,27,28,29,30,31,32,33,34,35,36,37,38,39,40,41],
			"gapsPct=0.750000":[0,1,2,3,4,5,6,7,8,9,10,11,12,13,14,15,16,17,18,19,20,21,22,23,24,25,26,27,28,29,30,31,32,33,34,35,36,37,38,39,40,41],
			"gapsPct=1.000000":[0,1,2,3,4,5,6,7,8,9,10,11,12,13,14,15,16,17,18,19,20,21,22,23,24,25,26,27,28,29,30,31,32,33,34,35,36,37,38,39,40,41]
		},
		"baseline=0.750000":{
			"gapsPct=0.000000":[-1,-1,-1,-1,-1,5,6,7,8,-1,-1,11,12,13,14,15,16,17,18,19,-1,21,22,23,24,25,26,27,28,29,30,31,32,33,34,35,36,37,38,39,40,41],
			"gapsPct=0.250000":[-1,-1,-1,-1,-1,5,6,7,8,9,-1,11,12,13,14,15,16,17,18,19,-1,21,22,23,24,25,26,27,28,29,30,31,32,33,34,35,36,37,38,39,40,41],
			"gapsPct=0.500000":[-1,-1,-1,3,4,5,6,7,8,9,10,11,12,13,14,15,16,17,18,19,20,21,22,23,24,25,26,27,28,29,30,31,32,33,34,35,36,37,38,39,40,41],
			"gapsPct=0.750000":[0,1,2,3,4,5,6,7,8,9,10,11,12,13,14,15,16,17,18,19,20,21,22,23,24,25,26,27,28,29,30,31,32,33,34,35,36,37,38,39,40,41],
			"gapsPct=1.000000":[0,1,2,3,4,5,6,7,8,9,10,11,12,13,14,15,16,17,18,19,20,21,22,23,24,25,26,27,28,29,30,31,32,33,34,35,36,37,38,39,40,41]
		},
		"baseline=1.000000":{
			"gapsPct=0.000000":[-1,-1,-1,-1,-1,5,6,7,8,-1,-1,11,12,13,14,15,16,17,18,19,-1,21,22,23,24,25,26,27,28,29,30,31,32,33,34,35,36,37,38,39,40,41],
			"gapsPct=0.250000":[-1,-1,-1,-1,-1,5,6,7,8,9,-1,11,12,13,14,15,16,17,18,19,-1,21,22,23,24,25,26,27,28,29,30,31,32,33,34,35,36,37,38,39,40,41],
			"gapsPct=0.500000":[-1,-1,-1,3,4,5,6,7,8,9,10,11,12,13,14,15,16,17,18,19,20,21,22,23,24,25,26,27,28,29,30,31,32,33,34,35,36,37,38,39,40,41],
			"gapsPct=0.750000":[0,1,2,3,4,5,6,7,8,9,10,11,12,13,14,15,16,17,18,19,20,21,22,23,24,25,26,27,28,29,30,31,32,33,34,35,36,37,38,39,40,41],
			"gapsPct=1.000000":[0,1,2,3,4,5,6,7,8,9,10,11,12,13,14,15,16,17,18,19,20,21,22,23,24,25,26,27,28,29,30,31,32,33,34,35,36,37,38,39,40,41]
		}
	},
	"cleanNoAllGaps":[0,1,2,3,4,5,6,7,8,9,10,11,12,13,14,15,16,17,18,19,20,21,22,23,24,25,26,27,28,29,30,31,32,33,34,35,36,37,38,39,40,41],
	"clean2ndSlope":[-1,-1,-1,-1,-1,5,6,7,8,9,-1,11,12,13,14,15,16,17,18,19,-1,21,22,23,24,25,26,27,28,29,30,31,32,33,34,35,36,37,38,39,40,41],
	"cleanCombMethods lax":[-1,-1,-1,-1,-1,-1,-1,-1,-1,-1,-1,-1,12,13,14,15,16,17,-1,-1,-1,-1,22,23,24,25,26,27,28,29,30,31,32,33,34,35,36,37,38,39,40,41],
	"mdk":[7.47347030483069829642772674560546875e-07,1,3.87007048630039207637310028076171875e-07,0.000236981504713185131549835205078125,0.00030269837589003145694732666015625,3.0732961022295057773590087890625e-05,3.367205135873518884181976318359375e-05,0.00295902206562459468841552734375,0.0597982220351696014404296875,2.3641006919206120073795318603515625e-05,3.604764424380846321582794189453125e-05,4.453408837434835731983184814453125e-05,0.0059176995418965816497802734375,0.0038641314022243022918701171875,1.002429416985251009464263916015625e-05,0.1709587872028350830078125,1.36688531711115501821041107177734375e-05,1,5.4425518101197667419910430908203125e-06,4.70456006951280869543552398681640625e-06,4.10867869504727423191070556640625e-05,2.946643871837295591831207275390625e-05,0.03779737651348114013671875,0.004530149511992931365966796875,1.92435327335260808467864990234375e-05,0.000126587241538800299167633056640625,0.00255792401731014251708984375,0.000182221134309656918048858642578125,2.811657623169594444334506988525390625e-06,0.0005881325923837721347808837890625,1,4.657476893044076859951019287109375e-06,1,1,0.01393590308725833892822265625,0.20635901391506195068359375,0.02497370354831218719482421875,0.000728529063053429126739501953125,0.0169987417757511138916015625,8.19997439975850284099578857421875e-05,0.00214329571463167667388916015625,0.0063787759281694889068603515625],
	"Q":[14.10673618316650390625,0,14.76482295989990234375,8.3475284576416015625,8.1027736663818359375,10.39017486572265625,10.29884243011474609375,5.822896480560302734375,2.8167793750762939453125,10.65252780914306640625,10.2306690216064453125,10.01925563812255859375,5.12980747222900390625,5.556018352508544921875,11.51049900054931640625,1.76633274555206298828125,11.20039081573486328125,0,12.12126255035400390625,12.26697826385498046875,10.09982395172119140625,10.43225860595703125,3.27551555633544921875,5.39700031280517578125,10.8583354949951171875,8.974578857421875,5.96855926513671875,8.61028957366943359375,12.7817363739013671875,7.438558101654052734375,0,12.2770366668701171875,0,0,4.2732868194580078125,1.578137874603271484375,3.6899318695068359375,7.224483013153076171875,4.074615955352783203125,9.408794403076171875,6.1454105377197265625,5.054779052734375],
	"consCutPoint":{
		"baseline=0":{
			"simPct=0":0,
			"simPct=0.25":0.20635901391506195068359375,
			"simPct=0.5":0.20635901391506195068359375,
			"simPct=0.75":0.20635901391506195068359375,
			"simPct=1":0.20635901391506195068359375
		},
		"baseline=0.25":{
			"simPct=0":0,
			"simPct=0.25":0.20635901391506195068359375,
			"simPct=0.5":0.20635901391506195068359375,
			"simPct=0.75":0.20635901391506195068359375,
			"simPct=1":0.20635901391506195068359375
		},
		"baseline=0.5":{
			"simPct=0":0,
			"simPct=0.25":0.20635901391506195068359375,