{
	"filename": "./example.001.AA.phy",
	"sequenNumber": 6,
	"residNumber": 60,
	"aligned": true,
	"format": "phylip40",
	"AutoMethod": "2",
	"SequenceType":3,
	"2ndSlopeCutPoint":1,
	"names": ["Sp8", "Sp17", "Sp10", "Sp26", "Sp33", "Sp6"],
	"sequences": [
		"----------GLGKV---IVY-GIVLGTKS-DQFSNWVVWL-----FPWNGLQIHMMGII",
		"--------FAYTAPD---LLLIGFLLKTVA-T-FG--DTWF-----QLWQGLDLNKMPVF",
		"----------DPAVL----FV--IMLGTIT-K-FS--SEWF-----FAWLGLEINMMVII",
		"AAAAAAAA----ALL---TYL-GLFLGTDY-----EN---FAAAAANAWLGLEINMMAQI",
		"-----------PTIL---NIA-GLHMETDI-N-FS--LAWF-----QAWGGLEINKQAIL",
		"----------ASGAI---LTL-GIYLFTLC-AVIS--VSWY-----LAWLGLEINMMAII"
		],
	"noGapsSequences": [
		"GLGKVIVYGIVLGTKSDQFSNWVVWLFPWNGLQIHMMGII",
		"FAYTAPDLLLIGFLLKTVATFGDTWFQLWQGLDLNKMPVF",
		"DPAVLFVIMLGTITKFSSEWFFAWLGLEINMMVII",
		"AAAAAAAAALLTYLGLFLGTDYENFAAAAANAWLGLEINMMAQI",
		"PTILNIAGLHMETDINFSLAWFQAWGGLEINKQAIL",
		"ASGAILTLGIYLFTLCAVISVSWYLAWLGLEINMMAII"
		],
	"noGapsSize": [40,40,35,44,36,38],
	"gapsPerColumn":[5,5,5,5,5,5,5,5,5,5,2,1,0,0,0,6,6,6,1,0,0,5,1,0,0,0,0,0,0,0,6,1,4,1,1,4,4,1,1,1,0,5,5,5,5,5,0,0,0,0,0,0,0,0,0,0,0,0,0,0],
	"cleanGaps":{
		"baseline=0.000000":{
			"gapsPct=0.000000":[-1,-1,-1,-1,-1,-1,-1,-1,-1,-1,-1,-1,12,13,14,-1,-1,-1,-1,19,20,-1,-1,23,24,25,26,27,28,29,-1,-1,-1,-1,-1,-1,-1,-1,-1,-1,40,-1,-1,-1,-1,-1,46,47,48,49,50,51,52,53,54,55,56,57,58,59],
			"gapsPct=0.250000":[-1,-1,-1,-1,-1,-1,-1,-1,-1,-1,-1,11,12,13,14,-1,-1,-1,18,19,20,-1,22,23,24,25,26,27,28,29,-1,31,-1,33,34,-1,-1,37,38,39,40,-1,-1,-1,-1,-1,46,47,48,49,50,51,52,53,54,55,56,57,58,59],
			"gapsPct=0.500000":[-1,-1,-1,-1,-1,-1,-1,-1,-1,-1,10,11,12,13,14,-1,-1,-1,18,19,20,-1,22,23,24,25,26,27,28,29,-1,31,-1,33,34,-1,-1,37,38,39,40,-1,-1,-1,-1,-1,46,47,48,49,50,51,52,53,54,55,56,57,58,59],
			"gapsPct=0.750000":[-1,-1,-1,-1,-1,-1,-1,-1,-1,-1,10,11,12,13,14,-1,-1,-1,18,19,20,-1,22,23,24,25,26,27,28,29,-1,31,32,33,34,35,36,37,38,39,40,-1,-1,-1,-1,-1,46,47,48,49,50,51,52,53,54,55,56,57,58,59],
			"gapsPct=1.000000":[0,1,2,3,4,5,6,7,8,9,10,11,12,13,14,-1,-1,-1,18,19,20,21,22,23,24,25,26,27,28,29,-1,31,32,33,34,35,36,37,38,39,40,41,42,43,44,45,46,47,48,49,50,51,52,53,54,55,56,57,58,59]
		},
		"baseline=0.250000":{
			"gapsPct=0.000000":[-1,-1,-1,-1,-1,-1,-1,-1,-1,-1,-1,-1,12,13,14,-1,-1,-1,-1,19,20,-1,-1,23,24,25,26,27,28,29,-1,-1,-1,-1,-1,-1,-1,-1,-1,-1,40,-1,-1,-1,-1,-1,46,47,48,49,50,51,52,53,54,55,56,57,58,59],
			"gapsPct=0.250000":[-1,-1,-1,-1,-1,-1,-1,-1,-1,-1,-1,11,12,13,14,-1,-1,-1,18,19,20,-1,22,23,24,25,26,27,28,29,-1,31,-1,33,34,-1,-1,37,38,39,40,-1,-1,-1,-1,-1,46,47,48,49,50,51,52,53,54,55,56,57,58,59],
			"gapsPct=0.500000":[-1,-1,-1,-1,-1,-1,-1,-1,-1,-1,10,11,12,13,14,-1,-1,-1,18,19,20,-1,22,23,24,25,26,27,28,29,-1,31,-1,33,34,-1,-1,37,38,39,40,-1,-1,-1,-1,-1,46,47,48,49,50,51,52,53,54,55,56,57,58,59],
			"gapsPct=0.750000":[-1,-1,-1,-1,-1,-1,-1,-1,-1,-1,10,11,12,13,14,-1,-1,-1,18,19,20,-1,22,23,24,25,26,27,28,29,-1,31,32,33,34,35,36,37,38,39,40,-1,-1,-1,-1,-1,46,47,48,49,50,51,52,53,54,55,56,57,58,59],
			"gapsPct=1.000000":[0,1,2,3,4,5,6,7,8,9,10,11,12,13,14,-1,-1,-1,18,19,20,21,22,23,24,25,26,27,28,29,-1,31,32,33,34,35,36,37,38,39,40,41,42,43,44,45,46,47,48,49,50,51,52,53,54,55,56,57,58,59]
		},
		"baseline=0.500000":{
			"gapsPct=0.000000":[-1,-1,-1,-1,-1,-1,-1,-1,-1,-1,-1,-1,12,13,14,-1,-1,-1,-1,19,20,-1,-1,23,24,25,26,27,28,29,-1,-1,-1,-1,-1,-1,-1,-1,-1,-1,40,-1,-1,-1,-1,-1,46,47,48,49,50,51,52,53,54,55,56,57,58,59],
			"gapsPct=0.250000":[-1,-1,-1,-1,-1,-1,-1,-1,-1,-1,-1,11,12,13,14,-1,-1,-1,18,19,20,-1,22,23,24,25,26,27,28,29,-1,31,-1,33,34,-1,-1,37,38,39,40,-1,-1,-1,-1,-1,46,47,48,49,50,51,52,53,54,55,56,57,58,59],
			"gapsPct=0.500000":[-1,-1,-1,-1,-1,-1,-1,-1,-1,-1,10,11,12,13,14,-1,-1,-1,18,19,20,-1,22,23,24,25,26,27,28,29,-1,31,-1,33,34,-1,-1,37,38,39,40,-1,-1,-1,-1,-1,46,47,48,49,50,51,52,53,54,55,56,57,58,59],
			"gapsPct=0.750000":[-1,-1,-1,-1,-1,-1,-1,-1,-1,-1,10,11,12,13,14,-1,-1,-1,18,19,20,-1,22,23,24,25,26,27,28,29,-1,31,32,33,34,35,36,37,38,39,40,-1,-1,-1,-1,-1,46,47,48,49,50,51,52,53,54,55,56,57,58,59],
			"gapsPct=1.000000":[0,1,2,3,4,5,6,7,8,9,10,11,12,13,14,-1,-1,-1,18,19,20,21,22,23,24,25,26,27,28,29,-1,31,32,33,34,35,36,37,38,39,40,41,42,43,44,45,46,47,48,49,50,51,52,53,54,55,56,57,58,59]
		},
		"baseline=0.750000":{
			"gapsPct=0.000000":[-1,-1,-1,-1,-1,-1,-1,-1,-1,-1,-1,-1,12,13,14,-1,-1,-1,-1,19,20,-1,-1,23,24,25,26,27,28,29,-1,-1,-1,-1,-1,-1,-1,-1,-1,-1,40,-1,-1,-1,-1,-1,46,47,48,49,50,51,52,53,54,55,56,57,58,59],
			"gapsPct=0.250000":[-1,-1,-1,-1,-1,-1,-1,-1,-1,-1,-1,11,12,13,14,-1,-1,-1,18,19,20,-1,22,23,24,25,26,27,28,29,-1,31,-1,33,34,-1,-1,37,38,39,40,-1,-1,-1,-1,-1,46,47,48,49,50,51,52,53,54,55,56,57,58,59],
			"gapsPct=0.500000":[-1,-1,-1,-1,-1,-1,-1,-1,-1,-1,10,11,12,13,14,-1,-1,-1,18,19,20,-1,22,23,24,25,26,27,28,29,-1,31,-1,33,34,-1,-1,37,38,39,40,-1,-1,-1,-1,-1,46,47,48,49,50,51,52,53,54,55,56,57,58,59],
			"gapsPct=0.750000":[-1,-1,-1,-1,-1,-1,-1,-1,-1,-1,10,11,12,13,14,-1,-1,-1,18,19,20,-1,22,23,24,25,26,27,28,29,-1,31,32,33,34,35,36,37,38,39,40,-1,-1,-1,-1,-1,46,47,48,49,50,51,52,53,54,55,56,57,58,59],
			"gapsPct=1.000000":[0,1,2,3,4,5,6,7,8,9,10,11,12,13,14,-1,-1,-1,18,19,20,21,22,23,24,25,26,27,28,29,-1,31,32,33,34,35,36,37,38,39,40,41,42,43,44,45,46,47,48,49,50,51,52,53,54,55,56,57,58,59]
		},
		"baseline=1.000000":{
			"gapsPct=0.000000":[-1,-1,-1,-1,-1,-1,-1,-1,-1,-1,-1,-1,12,13,14,-1,-1,-1,-1,19,20,-1,-1,23,24,25,26,27,28,29,-1,-1,-1,-1,-1,-1,-1,-1,-1,-1,40,-1,-1,-1,-1,-1,46,47,48,49,50,51,52,53,54,55,56,57,58,59],
			"gapsPct=0.250000":[-1,-1,-1,-1,-1,-1,-1,-1,-1,-1,-1,11,12,13,14,-1,-1,-1,18,19,20,-1,22,23,24,25,26,27,28,29,-1,31,-1,33,34,-1,-1,37,38,39,40,-1,-1,-1,-1,-1,46,47,48,49,50,51,52,53,54,55,56,57,58,59],
			"gapsPct=0.500000":[-1,-1,-1,-1,-1,-1,-1,-1,-1,-1,10,11,12,13,14,-1,-1,-1,18,19,20,-1,22,23,24,25,26,27,28,29,-1,31,-1,33,34,-1,-1,37,38,39,40,-1,-1,-1,-1,-1,46,47,48,49,50,51,52,53,54,55,56,57,58,59],
			"gapsPct=0.750000":[-1,-1,-1,-1,-1,-1,-1,-1,-1,-1,10,11,12,13,14,-1,-1,-1,18,19,20,-1,22,23,24,25,26,27,28,29,-1,31,32,33,34,35,36,37,38,39,40,-1,-1,-1,-1,-1,46,47,48,49,50,51,52,53,54,55,56,57,58,59],
			"gapsPct=1.000000":[0,1,2,3,4,5,6,7,8,9,10,11,12,13,14,-1,-1,-1,18,19,20,21,22,23,24,25,26,27,28,29,-1,31,32,33,34,35,36,37,38,39,40,41,42,43,44,45,46,47,48,49,50,51,52,53,54,55,56,57,58,59]
		}
	},
	"cleanNoAllGaps":[0,1,2,3,4,5,6,7,8,9,10,11,12,13,14,-1,-1,-1,18,19,20,21,22,23,24,25,26,27,28,29,-1,31,32,33,34,35,36,37,38,39,40,41,42,43,44,45,46,47,48,49,50,51,52,53,54,55,56,57,58,59],
	"clean2ndSlope":[-1,-1,-1,-1,-1,-1,-1,-1,-1,-1,-1,11,12,13,14,-1,-1,-1,18,19,20,-1,22,23,24,25,26,27,28,29,-1,31,-1,33,34,-1,-1,37,38,39,40,-1,-1,-1,-1,-1,46,47,48,49,50,51,52,53,54,55,56,57,58,59],
	"cleanCombMethods lax":[-1,-1,-1,-1,-1,-1,-1,-1,-1,-1,-1,-1,-1,-1,-1,-1,-1,-1,-1,-1,20,21,22,23,24,25,26,27,-1,-1,-1,-1,-1,-1,-1,-1,-1,-1,-1,-1,-1,-1,-1,-1,-1,-1,-1,47,48,49,50,51,52,53,54,55,56,57,58,59],
	"mdk":[0,0,0,0,0,0,0,0,0,0,5.5e-07,1.6e-05,0.00068,1e-05,0.00022,0,0,0,2.5e-05,3.6e-05,0.00024,0,1,0.0042,1e-05,0.17,1.4e-05,1,4.9e-06,4e-06,0,3.2e-05,4.1e-07,0.018,0.012,0.00014,5.6e-10,1.3e-05,5.2e-05,1,0.0048,0,0,0,0,0,2.9e-06,0.00068,1,5.3e-06,1,1,0.015,0.22,0.026,0.00086,0.017,0.00011,0.0014,0.0072],
	"consCutPoint":{
		"baseline=0":{
			"simPct=0":0,
			"simPct=0.25":0.215137660503387451171875,
			"simPct=0.5":0.215137660503387451171875,
			"simPct=0.75":0.215137660503387451171875,
			"simPct=1":0.215137660503387451171875
		},
		"baseline=0.25":{
			"simPct=0":0,
			"simPct=0.25":0.215137660503387451171875,
			"simPct=0.5":0.215137660503387451171875,
			"simPct=0.75":0.215137660503387451171875,
			"simPct=1":0.215137660503387451171875
		},
		"baseline=0.5":{
			"simPct=0":0,
			"simPct=0.25":0.215137660503387451171875,
			"simPct=0.5":0.215137660503387451171875,
			"simPct=0.75":0.215137660503387451171875,
			"simPct=1":0.215137660503387451171875
		},
		"baseline=0.75":{
			"simPct=0":0,