{
	"filename": "./example.002.AA.clw",
	"sequenNumber": 6,
	"residNumber": 42,
	"aligned": true,
	"format": "phylip40",
	"AutoMethod": "2",
	"SequenceType":3,
	"2ndSlopeCutPoint":1,
	"names": ["Sp8", "Sp17", "Sp10", "Sp26", "Sp33", "Sp6"],
	"sequences": [
		"---GLGKVIV-YGIVLGTKSDQFSVVWLFPWNGLQIHMMGII",
		"FAYTAPDLL-LIGFLLKTVA-TFGDTWFQLWQGLDLNKMPVF",
		"-----DPAVL-FVIMLGTIT-KFSSEWFFAWLGLEINMMVII",
		"AAAAAAALLTYLGLFLGTDYENFAAAAANAWLGLEINMMAQI",
		"-----PTILNIAGLHMETDI-NFSLAWFQAWGGLEINKQAIL",
		"---ASGAILT-LGIYLFTLCAVISVSWYLAWLGLEINMMAII"
		],
	"noGapsSequences": [
		"GLGKVIVYGIVLGTKSDQFSVVWLFPWNGLQIHMMGII",
		"FAYTAPDLLLIGFLLKTVATFGDTWFQLWQGLDLNKMPVF",
		"DPAVLFVIMLGTITKFSSEWFFAWLGLEINMMVII",
		"AAAAAAALLTYLGLFLGTDYENFAAAAANAWLGLEINMMAQI",
		"PTILNIAGLHMETDINFSLAWFQAWGGLEINKQAIL",
		"ASGAILTLGIYLFTLCAVISVSWYLAWLGLEINMMAII"
		],
	"noGapsSize": [38,40,35,42,36,38],
	"gapsPerColumn":[4,4,4,2,2,0,0,0,0,1,3,0,0,0,0,0,0,0,0,0,3,0,0,0,0,0,0,0,0,0,0,0,0,0,0,0,0,0,0,0,0,0],
	"cleanGaps":{
		"baseline=0.000000":{
			"gapsPct=0.000000":[-1,-1,-1,-1,-1,5,6,7,8,-1,-1,11,12,13,14,15,16,17,18,19,-1,21,22,23,24,25,26,27,28,29,30,31,32,33,34,35,36,37,38,39,40,41],
			"gapsPct=0.250000":[-1,-1,-1,-1,-1,5,6,7,8,9,-1,11,12,13,14,15,16,17,18,19,-1,21,22,23,24,25,26,27,28,29,30,31,32,33,34,35,36,37,38,39,40,41],
			"gapsPct=0.500000":[-1,-1,-1,3,4,5,6,7,8,9,10,11,12,13,14,15,16,17,18,19,20,21,22,23,24,25,26,27,28,29,30,31,32,33,34,35,36,37,38,39,40,41],
			"gapsPct=0.750000":[0,1,2,3,4,5,6,7,8,9,10,11,12,13,14,15,16,17,18,19,20,21,22,23,24,25,26,27,28,29,30,31,32,33,34,35,36,37,38,39,40,41],
			"gapsPct=1.000000":[0,1,2,3,4,5,6,7,8,9,10,11,12,13,14,15,16,17,18,19,20,21,22,23,24,25,26,27,28,29,30,31,32,33,34,35,36,37,38,39,40,41]
		},
		"baseline=0.250000":{
			"gapsPct=0.000000":[-1,-1,-1,-1,-1,5,6,7,8,-1,-1,11,12,13,14,15,16,17,18,19,-1,21,22,23,24,25,26,27,28,29,30,31,32,33,34,35,36,37,38,39,40,41],
			"gapsPct=0.250000":[-1,-1,-1,-1,-1,5,6,7,8,9,-1,11,12,13,14,15,16,17,18,19,-1,21,22,23,24,25,26,27,28,29,30,31,32,33,34,35,36,37,38,39,40,41],
			"gapsPct=0.500000":[-1,-1,-1,3,4,5,6,7,8,9,10,11,12,13,14,15,16,17,18,19,20,21,22,23,24,25,26,27,28,29,30,31,32,33,34,35,36,37,38,39,40,41],
			"gapsPct=0.750000":[0,1,2,3,4,5,6,7,8,9,10,11,12,13,14,15,16,17,18,19,20,21,22,23,24,25,26,27,28,29,30,31,32,33,34,35,36,37,38,39,40,41],
			"gapsPct=1.000000":[0,1,2,3,4,5,6,7,8,9,10,11,12,13,14,15,16,17,18,19,20,21,22,23,24,25,26,27,28,29,30,31,32,33,34,35,36,37,38,39,40,41]
		},
		"baseline=0.500000":{
			"gapsPct=0.000000":[-1,-1,-1,-1,-1,5,6,7,8,-1,-1,11,12,13,14,15,16,17,18,19,-1,21,22,23,24,25,26,27,28,29,30,31,32,33,34,35,36,37,38,39,40,41],
			"gapsPct=0.250000":[-1,-1,-1,-1,-1,5,6,7,8,9,-1,11,12,13,14,15,16,17,18,19,-1,21,22,23,24,25,26,27,28,29,30,31,32,33,34,35,36,37,38,39,40,41],
			"gapsPct=0.500000":[-1,-1,-1,3,4,5,6,7,8,9,10,11,12,13,14,15,16,17,18,19,20,21,22,23,24,25,26,27,28,29,30,31,32,33,34,35,36,37,38,39,40,41],
			"gapsPct=0.750000":[0,1,2,3,4,5,6,7,8,9,10,11,12,13,14,15,16,17,18,19,20,21,22,23,24,25,26,27,28,29,30,31,32,33,34,35,36,37,38,39,40,41],
			"gapsPct=1.000000":[0,1,2,3,4,5,6,7,8,9,10,11,12,13,14,15,16,17,18,19,20,21,22,23,24,25,26,27,28,29,30,31,32,33,34,35,36,37,38,39,40,41]
		},
		"baseline=0.750000":{
			"gapsPct=0.000000":[-1,-1,-1,-1,-1,5,6,7,8,-1,-1,11,12,13,14,15,16,17,18,19,-1,21,22,23,24,25,26,27,28,29,30,31,32,33,34,35,36,37,38,39,40,41],
			"gapsPct=0.250000":[-1,-1,-1,-1,-1,5,6,7,8,9,-1,11,12,13,14,15,16,17,18,19,-1,21,22,23,24,25,26,27,28,29,30,31,32,33,34,35,36,37,38,39,40,41],
			"gapsPct=0.500000":[-1,-1,-1,3,4,5,6,7,8,9,10,11,12,13,14,15,16,17,18,19,20,21,22,23,24,25,26,27,28,29,30,31,32,33,34,35,36,37,38,39,40,41],
			"gapsPct=0.750000":[0,1,2,3,4,5,6,7,8,9,10,11,12,13,14,15,16,17,18,19,20,21,22,23,24,25,26,27,28,29,30,31,32,33,34,35,36,37,38,39,40,41],
			"gapsPct=1.000000":[0,1,2,3,4,5,6,7,8,9,10,11,12,13,14,15,16,17,18,19,20,21,22,23,24,25,26,27,28,29,30,31,32,33,34,35,36,37,38,39,40,41]
		},
		"baseline=1.000000":{
			"gapsPct=0.000000":[-1,-1,-1,-1,-1,5,6,7,8,-1,-1,11,12,13,14,15,16,17,18,19,-1,21,22,23,24,25,26,27,28,29,30,31,32,33,34,35,36,37,38,39,40,41],
			"gapsPct=0.250000":[-1,-1,-1,-1,-1,5,6,7,8,9,-1,11,12,13,14,15,16,17,18,19,-1,21,22,23,24,25,26,27,28,29,30,31,32,33,34,35,36,37,38,39,40,41],
			"gapsPct=0.500000":[-1,-1,-1,3,4,5,6,7,8,9,10,11,12,13,14,15,16,17,18,19,20,21,22,23,24,25,26,27,28,29,30,31,32,33,34,35,36,37,38,39,40,41],
			"gapsPct=0.750000":[0,1,2,3,4,5,6,7,8,9,10,11,12,13,14,15,16,17,18,19,20,21,22,23,24,25,26,27,28,29,30,31,32,33,34,35,36,37,38,39,40,41],
			"gapsPct=1.000000":[0,1,2,3,4,5,6,7,8,9,10,11,12,13,14,15,16,17,18,19,20,21,22,23,24,25,26,27,28,29,30,31,32,33,34,35,36,37,38,39,40,41]
		}
	},
	"cleanNoAllGaps":[0,1,2,3,4,5,6,7,8,9,10,11,12,13,14,15,16,17,18,19,20,21,22,23,24,25,26,27,28,29,30,31,32,33,34,35,36,37,38,39,40,41],
	"clean2ndSlope":[-1,-1,-1,-1,-1,5,6,7,8,9,-1,11,12,13,14,15,16,17,18,19,-1,21,22,23,24,25,26,27,28,29,30,31,32,33,34,35,36,37,38,39,40,41],
	"cleanCombMethods lax":[-1,-1,-1,-1,-1,-1,-1,-1,-1,-1,-1,-1,12,13,14,15,16,17,-1,-1,-1,-1,22,23,24,25,26,27,28,29,30,31,32,33,34,35,36,37,38,39,40,41],
	"mdk":[7.5e-07,1,3.9e-07,0.00024,0.0003,3.1e-05,3.4e-05,0.003,0.06,2.4e-05,3.6e-05,4.5e-05,0.0059,0.0039,1e-05,0.17,1.4e-05,1,5.4e-06,4.7e-06,4.1e-05,2.9e-05,0.038,0.0045,1.9e-05,0.00013,0.0026,0.00018,2.8e-06,0.00059,1,4.7e-06,1,1,0.014,0.21,0.025,0.00073,0.017,8.2e-05,0.0021,0.0064],
	"consCutPoint":{
		"baseline=0":{
			"simPct=0":0,
			"simPct=0.25":0.20635901391506195068359375,
			"simPct=0.5":0.20635901391506195068359375,
			"simPct=0.75":0.20635901391506195068359375,
			"simPct=1":0.20635901391506195068359375
		},
		"baseline=0.25":{
			"simPct=0":0,
			"simPct=0.25":0.20635901391506195068359375,
			"simPct=0.5":0.20635901391506195068359375,
			"simPct=0.75":0.20635901391506195068359375,
			"simPct=1":0.20635901391506195068359375
		},
		"baseline=0.5":{
			"simPct=0":0,
			"simPct=0.25":0.20635901391506195068359375,
			"simPct=0.5":0.20635901391506195068359375,
			"simPct=0.75":0.20635901391506195068359375,
			"simPct=1":0.20635901391506195068359375
		},
		"baseline=0.75":{
			"simPct=0":0,
			"simPct=0.25":0.20635901391506195068359375,
			"simPct=0.5":0.20635901391506195068359375,
			"simPct=0.75":0.20635901391506195068359375,
			"simPct=1":0.20635901391506195068359375
		},
		"baseline=1":{
			"simPct=0":0,
			"simPct=0.25":0.20635901391506195068359375,
			"simPct=0.5":0.20635901391506195068359375,
			"simPct=0.75":0.20635901391506195068359375,
			"simPct=1":0.20635901391506195068359375
		}
	},
	"cleanCombMethods strict":[-1,-1,-1,-1,-1,-1,-1,-1,-1,-1,-1,-1,12,13,14,15,16,17,-1,-1,-1,-1,22,23,24,25,26,27,28,29,30,31,32,33,34,35,36,37,38,39,40,41]
}
