{
	"filename": "./example.001.AA.clw",
	"sequenNumber": 6,
	"residNumber": 46,
	"aligned": true,
	"format": "clustal",
	"AutoMethod": "2",
	"SequenceType":3,
	"2ndSlopeCutPoint":1,
	"names": ["Sp8", "Sp10", "Sp26", "Sp6", "Sp17", "Sp33"],
	"sequences": [
		"-----GLGKVIV-YGIVLGTKSDQFSNWVVWLFPWNGLQIHMMGII",
		"-------DPAVL-FVIMLGTIT-KFS--SEWFFAWLGLEINMMVII",
		"AAAAAAAAALLTYLGLFLGTDYENFA--AAAANAWLGLEINMMAQI",
		"-----ASGAILT-LGIYLFTLCAVIS--VSWYLAWLGLEINMMAII",
		"--FAYTAPDLL-LIGFLLKTVA-TFG--DTWFQLWQGLDLNKMPVF",
		"-------PTILNIAGLHMETDI-NFS--LAWFQAWGGLEINKQAIL"
		],
	"noGapsSequences": [
		"GLGKVIVYGIVLGTKSDQFSNWVVWLFPWNGLQIHMMGII",
		"DPAVLFVIMLGTITKFSSEWFFAWLGLEINMMVII",
		"AAAAAAAAALLTYLGLFLGTDYENFAAAAANAWLGLEINMMAQI",
		"ASGAILTLGIYLFTLCAVISVSWYLAWLGLEINMMAII",
		"FAYTAPDLLLIGFLLKTVATFGDTWFQLWQGLDLNKMPVF",
		"PTILNIAGLHMETDINFSLAWFQAWGGLEINKQAIL"
		],
	"noGapsSize": [40,35,44,38,40,36],
	"gapsPerColumn":[5,5,4,4,4,2,2,0,0,0,0,1,3,0,0,0,0,0,0,0,0,0,3,0,0,0,5,5,0,0,0,0,0,0,0,0,0,0,0,0,0,0,0,0,0,0],
	"cleanGaps":{
		"baseline=0.000000":{
			"gapsPct=0.000000":[-1,-1,-1,-1,-1,-1,-1,7,8,9,10,-1,-1,13,14,15,16,17,18,19,20,21,-1,23,24,25,-1,-1,28,29,30,31,32,33,34,35,36,37,38,39,40,41,42,43,44,45],
			"gapsPct=0.250000":[-1,-1,-1,-1,-1,-1,-1,7,8,9,10,11,-1,13,14,15,16,17,18,19,20,21,-1,23,24,25,-1,-1,28,29,30,31,32,33,34,35,36,37,38,39,40,41,42,43,44,45],
			"gapsPct=0.500000":[-1,-1,-1,-1,-1,5,6,7,8,9,10,11,12,13,14,15,16,17,18,19,20,21,22,23,24,25,-1,-1,28,29,30,31,32,33,34,35,36,37,38,39,40,41,42,43,44,45],
			"gapsPct=0.750000":[-1,-1,2,3,4,5,6,7,8,9,10,11,12,13,14,15,16,17,18,19,20,21,22,23,24,25,-1,-1,28,29,30,31,32,33,34,35,36,37,38,39,40,41,42,43,44,45],
			"gapsPct=1.000000":[0,1,2,3,4,5,6,7,8,9,10,11,12,13,14,15,16,17,18,19,20,21,22,23,24,25,26,27,28,29,30,31,32,33,34,35,36,37,38,39,40,41,42,43,44,45]
		},
		"baseline=0.250000":{
			"gapsPct=0.000000":[-1,-1,-1,-1,-1,-1,-1,7,8,9,10,-1,-1,13,14,15,16,17,18,19,20,21,-1,23,24,25,-1,-1,28,29,30,31,32,33,34,35,36,37,38,39,40,41,42,43,44,45],
			"gapsPct=0.250000":[-1,-1,-1,-1,-1,-1,-1,7,8,9,10,11,-1,13,14,15,16,17,18,19,20,21,-1,23,24,25,-1,-1,28,29,30,31,32,33,34,35,36,37,38,39,40,41,42,43,44,45],
			"gapsPct=0.500000":[-1,-1,-1,-1,-1,5,6,7,8,9,10,11,12,13,14,15,16,17,18,19,20,21,22,23,24,25,-1,-1,28,29,30,31,32,33,34,35,36,37,38,39,40,41,42,43,44,45],
			"gapsPct=0.750000":[-1,-1,2,3,4,5,6,7,8,9,10,11,12,13,14,15,16,17,18,19,20,21,22,23,24,25,-1,-1,28,29,30,31,32,33,34,35,36,37,38,39,40,41,42,43,44,45],
			"gapsPct=1.000000":[0,1,2,3,4,5,6,7,8,9,10,11,12,13,14,15,16,17,18,19,20,21,22,23,24,25,26,27,28,29,30,31,32,33,34,35,36,37,38,39,40,41,42,43,44,45]
		},
		"baseline=0.500000":{
			"gapsPct=0.000000":[-1,-1,-1,-1,-1,-1,-1,7,8,9,10,-1,-1,13,14,15,16,17,18,19,20,21,-1,23,24,25,-1,-1,28,29,30,31,32,33,34,35,36,37,38,39,40,41,42,43,44,45],
			"gapsPct=0.250000":[-1,-1,-1,-1,-1,-1,-1,7,8,9,10,11,-1,13,14,15,16,17,18,19,20,21,-1,23,24,25,-1,-1,28,29,30,31,32,33,34,35,36,37,38,39,40,41,42,43,44,45],
			"gapsPct=0.500000":[-1,-1,-1,-1,-1,5,6,7,8,9,10,11,12,13,14,15,16,17,18,19,20,21,22,23,24,25,-1,-1,28,29,30,31,32,33,34,35,36,37,38,39,40,41,42,43,44,45],
			"gapsPct=0.750000":[-1,-1,2,3,4,5,6,7,8,9,10,11,12,13,14,15,16,17,18,19,20,21,22,23,24,25,-1,-1,28,29,30,31,32,33,34,35,36,37,38,39,40,41,42,43,44,45],
			"gapsPct=1.000000":[0,1,2,3,4,5,6,7,8,9,10,11,12,13,14,15,16,17,18,19,20,21,22,23,24,25,26,27,28,29,30,31,32,33,34,35,36,37,38,39,40,41,42,43,44,45]
		},
		"baseline=0.750000":{
			"gapsPct=0.000000":[-1,-1,-1,-1,-1,-1,-1,7,8,9,10,-1,-1,13,14,15,16,17,18,19,20,21,-1,23,24,25,-1,-1,28,29,30,31,32,33,34,35,36,37,38,39,40,41,42,43,44,45],
			"gapsPct=0.250000":[-1,-1,-1,-1,-1,-1,-1,7,8,9,10,11,-1,13,14,15,16,17,18,19,20,21,-1,23,24,25,-1,-1,28,29,30,31,32,33,34,35,36,37,38,39,40,41,42,43,44,45],
			"gapsPct=0.500000":[-1,-1,-1,-1,-1,5,6,7,8,9,10,11,12,13,14,15,16,17,18,19,20,21,22,23,24,25,-1,-1,28,29,30,31,32,33,34,35,36,37,38,39,40,41,42,43,44,45],
			"gapsPct=0.750000":[-1,-1,2,3,4,5,6,7,8,9,10,11,12,13,14,15,16,17,18,19,20,21,22,23,24,25,-1,-1,28,29,30,31,32,33,34,35,36,37,38,39,40,41,42,43,44,45],
			"gapsPct=1.000000":[0,1,2,3,4,5,6,7,8,9,10,11,12,13,14,15,16,17,18,19,20,21,22,23,24,25,26,27,28,29,30,31,32,33,34,35,36,37,38,39,40,41,42,43,44,45]
		},
		"baseline=1.000000":{
			"gapsPct=0.000000":[-1,-1,-1,-1,-1,-1,-1,7,8,9,10,-1,-1,13,14,15,16,17,18,19,20,21,-1,23,24,25,-1,-1,28,29,30,31,32,33,34,35,36,37,38,39,40,41,42,43,44,45],
			"gapsPct=0.250000":[-1,-1,-1,-1,-1,-1,-1,7,8,9,10,11,-1,13,14,15,16,17,18,19,20,21,-1,23,24,25,-1,-1,28,29,30,31,32,33,34,35,36,37,38,39,40,41,42,43,44,45],
			"gapsPct=0.500000":[-1,-1,-1,-1,-1,5,6,7,8,9,10,11,12,13,14,15,16,17,18,19,20,21,22,23,24,25,-1,-1,28,29,30,31,32,33,34,35,36,37,38,39,40,41,42,43,44,45],
			"gapsPct=0.750000":[-1,-1,2,3,4,5,6,7,8,9,10,11,12,13,14,15,16,17,18,19,20,21,22,23,24,25,-1,-1,28,29,30,31,32,33,34,35,36,37,38,39,40,41,42,43,44,45],
			"gapsPct=1.000000":[0,1,2,3,4,5,6,7,8,9,10,11,12,13,14,15,16,17,18,19,20,21,22,23,24,25,26,27,28,29,30,31,32,33,34,35,36,37,38,39,40,41,42,43,44,45]
		}
	},
	"cleanNoAllGaps":[0,1,2,3,4,5,6,7,8,9,10,11,12,13,14,15,16,17,18,19,20,21,22,23,24,25,26,27,28,29,30,31,32,33,34,35,36,37,38,39,40,41,42,43,44,45],
	"clean2ndSlope":[-1,-1,-1,-1,-1,-1,-1,7,8,9,10,11,-1,13,14,15,16,17,18,19,20,21,-1,23,24,25,-1,-1,28,29,30,31,32,33,34,35,36,37,38,39,40,41,42,43,44,45],
	"cleanCombMethods lax":[-1,-1,-1,-1,-1,-1,-1,-1,-1,-1,-1,-1,-1,-1,14,15,16,17,18,19,-1,-1,-1,-1,-1,-1,-1,-1,-1,29,30,31,32,33,34,35,36,37,38,39,40,41,42,43,44,45],
	"mdk":[0,0,7.5e-07,1,3.9e-07,0.00024,0.0003,3.1e-05,3.4e-05,0.003,0.06,2.5e-05,3.4e-05,4.5e-05,0.006,0.004,1e-05,0.17,1.4e-05,1,5.3e-06,4.6e-06,4.1e-05,3e-05,0.038,0.0046,0,0,2e-05,0.00013,0.0024,0.00017,2.8e-06,0.00059,1,4.7e-06,1,1,0.014,0.21,0.024,0.00076,0.017,8.3e-05,0.002,0.0067],
	"consCutPoint":{
		"baseline=0":{
			"simPct=0":0,
			"simPct=0.25":0.20944435894489288330078125,
			"simPct=0.5":0.20944435894489288330078125,
			"simPct=0.75":0.20944435894489288330078125,
			"simPct=1":0.20944435894489288330078125
		},
		"baseline=0.25":{
			"simPct=0":0,
			"simPct=0.25":0.20944435894489288330078125,
			"simPct=0.5":0.20944435894489288330078125,
			"simPct=0.75":0.20944435894489288330078125,
			"simPct=1":0.20944435894489288330078125
		},
		"baseline=0.5":{
			"simPct=0":0,
			"simPct=0.25":0.20944435894489288330078125,
			"simPct=0.5":0.20944435894489288330078125,
			"simPct=0.75":0.20944435894489288330078125,
			"simPct=1":0.20944435894489288330078125
		},
		"baseline=0.75":{
			"simPct=0":0,
			"simPct=0.25":0.20944435894489288330078125,
			"simPct=0.5":0.20944435894489288330078125,
			"simPct=0.75":0.20944435894489288330078125,
			"simPct=1":0.20944435894489288330078125
		},
		"baseline=1":{
			"simPct=0":0,
			"simPct=0.25":0.20944435894489288330078125,
			"simPct=0.5":0.20944435894489288330078125,
			"simPct=0.75":0.20944435894489288330078125,
			"simPct=1":0.20944435894489288330078125
		}
	},
	"cleanCombMethods strict":[-1,-1,-1,-1,-1,-1,-1,-1,-1,-1,-1,-1,-1,-1,14,15,16,17,18,19,-1,-1,-1,-1,-1,-1,-1,-1,-1,29,30,31,32,33,34,35,36,37,38,39,40,41,42,43,44,45]
}
