{
	"filename": "./example.001.AA.msl",
	"sequenNumber": 6,
	"residNumber": 46,
	"aligned": true,
	"format": "phylip40",
	"AutoMethod": "2",
	"SequenceType":3,
	"2ndSlopeCutPoint":1,
	"names": ["Sp8", "Sp17", "Sp10", "Sp26", "Sp33", "Sp6"],
	"sequences": [
		"-----GLGKVIV-YGIVLGTKSDQFSNWVVWLFPWNGLQIHMMGII",
		"--FAYTAPDLLL-IGFLLKTV-ATFG--DTWFQLWQGLDLNKMPVF",
		"------DPAVL--FVIMLGTI-TKFS--SEWFFAWLGLEINMMVII",
		"AAAAAAAAALLTYLGLFLGTDYENFA--AAAANAWLGLEINMMAQI",
		"-------PTILNIAGLHMETD-INFS--LAWFQAWGGLEINKQAIL",
		"-----ASGAILT-LGIYLFTLCAVIS--VSWYLAWLGLEINMMAII"
		],
	"noGapsSequences": [
		"GLGKVIVYGIVLGTKSDQFSNWVVWLFPWNGLQIHMMGII",
		"FAYTAPDLLLIGFLLKTVATFGDTWFQLWQGLDLNKMPVF",
		"DPAVLFVIMLGTITKFSSEWFFAWLGLEINMMVII",
		"AAAAAAAAALLTYLGLFLGTDYENFAAAAANAWLGLEINMMAQI",
		"PTILNIAGLHMETDINFSLAWFQAWGGLEINKQAIL",
		"ASGAILTLGIYLFTLCAVISVSWYLAWLGLEINMMAII"
		],
	"noGapsSize": [40,40,35,44,36,38],
	"gapsPerColumn":[5,5,4,4,4,2,1,0,0,0,0,1,4,0,0,0,0,0,0,0,0,3,0,0,0,0,5,5,0,0,0,0,0,0,0,0,0,0,0,0,0,0,0,0,0,0],
	"cleanGaps":{
		"baseline=0.000000":{
			"gapsPct=0.000000":[-1,-1,-1,-1,-1,-1,-1,7,8,9,10,-1,-1,13,14,15,16,17,18,19,20,-1,22,23,24,25,-1,-1,28,29,30,31,32,33,34,35,36,37,38,39,40,41,42,43,44,45],
			"gapsPct=0.250000":[-1,-1,-1,-1,-1,-1,6,7,8,9,10,11,-1,13,14,15,16,17,18,19,20,-1,22,23,24,25,-1,-1,28,29,30,31,32,33,34,35,36,37,38,39,40,41,42,43,44,45],
			"gapsPct=0.500000":[-1,-1,-1,-1,-1,5,6,7,8,9,10,11,-1,13,14,15,16,17,18,19,20,21,22,23,24,25,-1,-1,28,29,30,31,32,33,34,35,36,37,38,39,40,41,42,43,44,45],
			"gapsPct=0.750000":[-1,-1,2,3,4,5,6,7,8,9,10,11,12,13,14,15,16,17,18,19,20,21,22,23,24,25,-1,-1,28,29,30,31,32,33,34,35,36,37,38,39,40,41,42,43,44,45],
			"gapsPct=1.000000":[0,1,2,3,4,5,6,7,8,9,10,11,12,13,14,15,16,17,18,19,20,21,22,23,24,25,26,27,28,29,30,31,32,33,34,35,36,37,38,39,40,41,42,43,44,45]
		},
		"baseline=0.250000":{
			"gapsPct=0.000000":[-1,-1,-1,-1,-1,-1,-1,7,8,9,10,-1,-1,13,14,15,16,17,18,19,20,-1,22,23,24,25,-1,-1,28,29,30,31,32,33,34,35,36,37,38,39,40,41,42,43,44,45],
			"gapsPct=0.250000":[-1,-1,-1,-1,-1,-1,6,7,8,9,10,11,-1,13,14,15,16,17,18,19,20,-1,22,23,24,25,-1,-1,28,29,30,31,32,33,34,35,36,37,38,39,40,41,42,43,44,45],
			"gapsPct=0.500000":[-1,-1,-1,-1,-1,5,6,7,8,9,10,11,-1,13,14,15,16,17,18,19,20,21,22,23,24,25,-1,-1,28,29,30,31,32,33,34,35,36,37,38,39,40,41,42,43,44,45],
			"gapsPct=0.750000":[-1,-1,2,3,4,5,6,7,8,9,10,11,12,13,14,15,16,17,18,19,20,21,22,23,24,25,-1,-1,28,29,30,31,32,33,34,35,36,37,38,39,40,41,42,43,44,45],
			"gapsPct=1.000000":[0,1,2,3,4,5,6,7,8,9,10,11,12,13,14,15,16,17,18,19,20,21,22,23,24,25,26,27,28,29,30,31,32,33,34,35,36,37,38,39,40,41,42,43,44,45]
		},
		"baseline=0.500000":{
			"gapsPct=0.000000":[-1,-1,-1,-1,-1,-1,-1,7,8,9,10,-1,-1,13,14,15,16,17,18,19,20,-1,22,23,24,25,-1,-1,28,29,30,31,32,33,34,35,36,37,38,39,40,41,42,43,44,45],
			"gapsPct=0.250000":[-1,-1,-1,-1,-1,-1,6,7,8,9,10,11,-1,13,14,15,16,17,18,19,20,-1,22,23,24,25,-1,-1,28,29,30,31,32,33,34,35,36,37,38,39,40,41,42,43,44,45],
			"gapsPct=0.500000":[-1,-1,-1,-1,-1,5,6,7,8,9,10,11,-1,13,14,15,16,17,18,19,20,21,22,23,24,25,-1,-1,28,29,30,31,32,33,34,35,36,37,38,39,40,41,42,43,44,45],
			"gapsPct=0.750000":[-1,-1,2,3,4,5,6,7,8,9,10,11,12,13,14,15,16,17,18,19,20,21,22,23,24,25,-1,-1,28,29,30,31,32,33,34,35,36,37,38,39,40,41,42,43,44,45],
			"gapsPct=1.000000":[0,1,2,3,4,5,6,7,8,9,10,11,12,13,14,15,16,17,18,19,20,21,22,23,24,25,26,27,28,29,30,31,32,33,34,35,36,37,38,39,40,41,42,43,44,45]
		},
		"baseline=0.750000":{
			"gapsPct=0.000000":[-1,-1,-1,-1,-1,-1,-1,7,8,9,10,-1,-1,13,14,15,16,17,18,19,20,-1,22,23,24,25,-1,-1,28,29,30,31,32,33,34,35,36,37,38,39,40,41,42,43,44,45],
			"gapsPct=0.250000":[-1,-1,-1,-1,-1,-1,6,7,8,9,10,11,-1,13,14,15,16,17,18,19,20,-1,22,23,24,25,-1,-1,28,29,30,31,32,33,34,35,36,37,38,39,40,41,42,43,44,45],
			"gapsPct=0.500000":[-1,-1,-1,-1,-1,5,6,7,8,9,10,11,-1,13,14,15,16,17,18,19,20,21,22,23,24,25,-1,-1,28,29,30,31,32,33,34,35,36,37,38,39,40,41,42,43,44,45],
			"gapsPct=0.750000":[-1,-1,2,3,4,5,6,7,8,9,10,11,12,13,14,15,16,17,18,19,20,21,22,23,24,25,-1,-1,28,29,30,31,32,33,34,35,36,37,38,39,40,41,42,43,44,45],
			"gapsPct=1.000000":[0,1,2,3,4,5,6,7,8,9,10,11,12,13,14,15,16,17,18,19,20,21,22,23,24,25,26,27,28,29,30,31,32,33,34,35,36,37,38,39,40,41,42,43,44,45]
		},
		"baseline=1.000000":{
			"gapsPct=0.000000":[-1,-1,-1,-1,-1,-1,-1,7,8,9,10,-1,-1,13,14,15,16,17,18,19,20,-1,22,23,24,25,-1,-1,28,29,30,31,32,33,34,35,36,37,38,39,40,41,42,43,44,45],
			"gapsPct=0.250000":[-1,-1,-1,-1,-1,-1,6,7,8,9,10,11,-1,13,14,15,16,17,18,19,20,-1,22,23,24,25,-1,-1,28,29,30,31,32,33,34,35,36,37,38,39,40,41,42,43,44,45],
			"gapsPct=0.500000":[-1,-1,-1,-1,-1,5,6,7,8,9,10,11,-1,13,14,15,16,17,18,19,20,21,22,23,24,25,-1,-1,28,29,30,31,32,33,34,35,36,37,38,39,40,41,42,43,44,45],
			"gapsPct=0.750000":[-1,-1,2,3,4,5,6,7,8,9,10,11,12,13,14,15,16,17,18,19,20,21,22,23,24,25,-1,-1,28,29,30,31,32,33,34,35,36,37,38,39,40,41,42,43,44,45],
			"gapsPct=1.000000":[0,1,2,3,4,5,6,7,8,9,10,11,12,13,14,15,16,17,18,19,20,21,22,23,24,25,26,27,28,29,30,31,32,33,34,35,36,37,38,39,40,41,42,43,44,45]
		}
	},
	"cleanNoAllGaps":[0,1,2,3,4,5,6,7,8,9,10,11,12,13,14,15,16,17,18,19,20,21,22,23,24,25,26,27,28,29,30,31,32,33,34,35,36,37,38,39,40,41,42,43,44,45],
	"clean2ndSlope":[-1,-1,-1,-1,-1,-1,6,7,8,9,10,11,-1,13,14,15,16,17,18,19,20,-1,22,23,24,25,-1,-1,28,29,30,31,32,33,34,35,36,37,38,39,40,41,42,43,44,45],
	"cleanCombMethods lax":[-1,-1,-1,-1,-1,-1,-1,-1,-1,-1,-1,-1,-1,-1,14,15,16,17,18,19,-1,-1,-1,-1,-1,-1,-1,-1,-1,29,30,31,32,33,34,35,36,37,38,39,40,41,42,43,44,45],
	"mdk":[0,0,7.5e-07,1,3.9e-07,0.00024,4.5e-05,0.00015,0.00017,0.03,0.22,2.7e-05,1.1e-06,4.5e-05,0.0076,0.004,9.9e-06,0.17,1.4e-05,1,5.1e-06,1.7e-07,2.1e-05,3e-05,0.038,0.0045,0,0,2e-05,0.00013,0.0022,0.00016,2.9e-06,0.00055,1,4.4e-06,1,1,0.014,0.21,0.023,0.00075,0.017,8.7e-05,0.0019,0.0066],
	"consCutPoint":{
		"baseline=0":{
			"simPct=0":0,
			"simPct=0.25":0.223012626171112060546875,
			"simPct=0.5":0.223012626171112060546875,
			"simPct=0.75":0.223012626171112060546875,
			"simPct=1":0.223012626171112060546875
		},
		"baseline=0.25":{
			"simPct=0":0,
			"simPct=0.25":0.223012626171112060546875,
			"simPct=0.5":0.223012626171112060546875,
			"simPct=0.75":0.223012626171112060546875,
			"simPct=1":0.223012626171112060546875
		},
		"baseline=0.5":{
			"simPct=0":0,
			"simPct=0.25":0.223012626171112060546875,
			"simPct=0.5":0.223012626171112060546875,
			"simPct=0.75":0.223012626171112060546875,
			"simPct=1":0.223012626171112060546875
		},
		"baseline=0.75":{
			"simPct=0":0,
			"simPct=0.25":0.223012626171112060546875,
			"simPct=0.5":0.223012626171112060546875,
			"simPct=0.75":0.223012626171112060546875,
			"simPct=1":0.223012626171112060546875
		},
		"baseline=1":{
			"simPct=0":0,
			"simPct=0.25":0.223012626171112060546875,
			"simPct=0.5":0.223012626171112060546875,
			"simPct=0.75":0.223012626171112060546875,
			"simPct=1":0.223012626171112060546875
		}
	},
	"cleanCombMethods strict":[-1,-1,-1,-1,-1,-1,-1,-1,-1,-1,-1,-1,-1,-1,14,15,16,17,18,19,-1,-1,-1,-1,-1,-1,-1,-1,-1,29,30,31,32,33,34,35,36,37,38,39,40,41,42,43,44,45]
}
