{
	"filename": "example.001.AA.clw",
	"sequenNumber": 6,
	"residNumber": 46,
	"aligned": true,
	"format": "clustal",
	"AutoMethod": "2",
	"SequenceType":3,
	"2ndSlopeCutPoint":1,
	"names": ["Sp8", "Sp10", "Sp26", "Sp6", "Sp17", "Sp33"],
	"sequences": [
		"-----GLGKVIV-YGIVLGTKSDQFSNWVVWLFPWNGLQIHMMGII",
		"-------DPAVL-FVIMLGTIT-KFS--SEWFFAWLGLEINMMVII",
		"AAAAAAAAALLTYLGLFLGTDYENFA--AAAANAWLGLEINMMAQI",
		"-----ASGAILT-LGIYLFTLCAVIS--VSWYLAWLGLEINMMAII",
		"--FAYTAPDLL-LIGFLLKTVA-TFG--DTWFQLWQGLDLNKMPVF",
		"-------PTILNIAGLHMETDI-NFS--LAWFQAWGGLEINKQAIL"
		],
	"noGapsSequences": [
		"GLGKVIVYGIVLGTKSDQFSNWVVWLFPWNGLQIHMMGII",
		"DPAVLFVIMLGTITKFSSEWFFAWLGLEINMMVII",
		"AAAAAAAAALLTYLGLFLGTDYENFAAAAANAWLGLEINMMAQI",
		"ASGAILTLGIYLFTLCAVISVSWYLAWLGLEINMMAII",
		"FAYTAPDLLLIGFLLKTVATFGDTWFQLWQGLDLNKMPVF",
		"PTILNIAGLHMETDINFSLAWFQAWGGLEINKQAIL"
		],
	"noGapsSize": [40,35,44,38,40,36],
	"gapsPerColumn":[5,5,4,4,4,2,2,0,0,0,0,1,3,0,0,0,0,0,0,0,0,0,3,0,0,0,5,5,0,0,0,0,0,0,0,0,0,0,0,0,0,0,0,0,0,0],
	"cleanGaps":{
		"baseline=0.000000":{
			"gapsPct=0.000000":[-1,-1,-1,-1,-1,-1,-1,7,8,9,10,-1,-1,13,14,15,16,17,18,19,20,21,-1,23,24,25,-1,-1,28,29,30,31,32,33,34,35,36,37,38,39,40,41,42,43,44,45],
			"gapsPct=0.250000":[-1,-1,-1,-1,-1,-1,-1,7,8,9,10,11,-1,13,14,15,16,17,18,19,20,21,-1,23,24,25,-1,-1,28,29,30,31,32,33,34,35,36,37,38,39,40,41,42,43,44,45],
			"gapsPct=0.500000":[-1,-1,-1,-1,-1,5,6,7,8,9,10,11,12,13,14,15,16,17,18,19,20,21,22,23,24,25,-1,-1,28,29,30,31,32,33,34,35,36,37,38,39,40,41,42,43,44,45],
			"gapsPct=0.750000":[-1,-1,2,3,4,5,6,7,8,9,10,11,12,13,14,15,16,17,18,19,20,21,22,23,24,25,-1,-1,28,29,30,31,32,33,34,35,36,37,38,39,40,41,42,43,44,45],
			"gapsPct=1.000000":[0,1,2,3,4,5,6,7,8,9,10,11,12,13,14,15,16,17,18,19,20,21,22,23,24,25,26,27,28,29,30,31,32,33,34,35,36,37,38,39,40,41,42,43,44,45]
		},
		"baseline=0.250000":{
			"gapsPct=0.000000":[-1,-1,-1,-1,-1,-1,-1,7,8,9,10,-1,-1,13,14,15,16,17,18,19,20,21,-1,23,24,25,-1,-1,28,29,30,31,32,33,34,35,36,37,38,39,40,41,42,43,44,45],
			"gapsPct=0.250000":[-1,-1,-1,-1,-1,-1,-1,7,8,9,10,11,-1,13,14,15,16,17,18,19,20,21,-1,23,24,25,-1,-1,28,29,30,31,32,33,34,35,36,37,38,39,40,41,42,43,44,45],
			"gapsPct=0.500000":[-1,-1,-1,-1,-1,5,6,7,8,9,10,11,12,13,14,15,16,17,18,19,20,21,22,23,24,25,-1,-1,28,29,30,31,32,33,34,35,36,37,38,39,40,41,42,43,44,45],
			"gapsPct=0.750000":[-1,-1,2,3,4,5,6,7,8,9,10,11,12,13,14,15,16,17,18,19,20,21,22,23,24,25,-1,-1,28,29,30,31,32,33,34,35,36,37,38,39,40,41,42,43,44,45],
			"gapsPct=1.000000":[0,1,2,3,4,5,6,7,8,9,10,11,12,13,14,15,16,17,18,19,20,21,22,23,24,25,26,27,28,29,30,31,32,33,34,35,36,37,38,39,40,41,42,43,44,45]
		},
		"baseline=0.500000":{
			"gapsPct=0.000000":[-1,-1,-1,-1,-1,-1,-1,7,8,9,10,-1,-1,13,14,15,16,17,18,19,20,21,-1,23,24,25,-1,-1,28,29,30,31,32,33,34,35,36,37,38,39,40,41,42,43,44,45],
			"gapsPct=0.250000":[-1,-1,-1,-1,-1,-1,-1,7,8,9,10,11,-1,13,14,15,16,17,18,19,20,21,-1,23,24,25,-1,-1,28,29,30,31,32,33,34,35,36,37,38,39,40,41,42,43,44,45],
			"gapsPct=0.500000":[-1,-1,-1,-1,-1,5,6,7,8,9,10,11,12,13,14,15,16,17,18,19,20,21,22,23,24,25,-1,-1,28,29,30,31,32,33,34,35,36,37,38,39,40,41,42,43,44,45],
			"gapsPct=0.750000":[-1,-1,2,3,4,5,6,7,8,9,10,11,12,13,14,15,16,17,18,19,20,21,22,23,24,25,-1,-1,28,29,30,31,32,33,34,35,36,37,38,39,40,41,42,43,44,45],
			"gapsPct=1.000000":[0,1,2,3,4,5,6,7,8,9,10,11,12,13,14,15,16,17,18,19,20,21,22,23,24,25,26,27,28,29,30,31,32,33,34,35,36,37,38,39,40,41,42,43,44,45]
		},
		"baseline=0.750000":{
			"gapsPct=0.000000":[-1,-1,-1,-1,-1,-1,-1,7,8,9,10,-1,-1,13,14,15,16,17,18,19,20,21,-1,23,24,25,-1,-1,28,29,30,31,32,33,34,35,36,37,38,39,40,41,42,43,44,45],
			"gapsPct=0.250000":[-1,-1,-1,-1,-1,-1,-1,7,8,9,10,11,-1,13,14,15,16,17,18,19,20,21,-1,23,24,25,-1,-1,28,29,30,31,32,33,34,35,36,37,38,39,40,41,42,43,44,45],
			"gapsPct=0.500000":[-1,-1,-1,-1,-1,5,6,7,8,9,10,11,12,13,14,15,16,17,18,19,20,21,22,23,24,25,-1,-1,28,29,30,31,32,33,34,35,36,37,38,39,40,41,42,43,44,45],
			"gapsPct=0.750000":[-1,-1,2,3,4,5,6,7,8,9,10,11,12,13,14,15,16,17,18,19,20,21,22,23,24,25,-1,-1,28,29,30,31,32,33,34,35,36,37,38,39,40,41,42,43,44,45],
			"gapsPct=1.000000":[0,1,2,3,4,5,6,7,8,9,10,11,12,13,14,15,16,17,18,19,20,21,22,23,24,25,26,27,28,29,30,31,32,33,34,35,36,37,38,39,40,41,42,43,44,45]
		},
		"baseline=1.000000":{
			"gapsPct=0.000000":[-1,-1,-1,-1,-1,-1,-1,7,8,9,10,-1,-1,13,14,15,16,17,18,19,20,21,-1,23,24,25,-1,-1,28,29,30,31,32,33,34,35,36,37,38,39,40,41,42,43,44,45],
			"gapsPct=0.250000":[-1,-1,-1,-1,-1,-1,-1,7,8,9,10,11,-1,13,14,15,16,17,18,19,20,21,-1,23,24,25,-1,-1,28,29,30,31,32,33,34,35,36,37,38,39,40,41,42,43,44,45],
			"gapsPct=0.500000":[-1,-1,-1,-1,-1,5,6,7,8,9,10,11,12,13,14,15,16,17,18,19,20,21,22,23,24,25,-1,-1,28,29,30,31,32,33,34,35,36,37,38,39,40,41,42,43,44,45],
			"gapsPct=0.750000":[-1,-1,2,3,4,5,6,7,8,9,10,11,12,13,14,15,16,17,18,19,20,21,22,23,24,25,-1,-1,28,29,30,31,32,33,34,35,36,37,38,39,40,41,42,43,44,45],
			"gapsPct=1.000000":[0,1,2,3,4,5,6,7,8,9,10,11,12,13,14,15,16,17,18,19,20,21,22,23,24,25,26,27,28,29,30,31,32,33,34,35,36,37,38,39,40,41,42,43,44,45]
		}
	},
	"cleanNoAllGaps":[0,1,2,3,4,5,6,7,8,9,10,11,12,13,14,15,16,17,18,19,20,21,22,23,24,25,26,27,28,29,30,31,32,33,34,35,36,37,38,39,40,41,42,43,44,45],
	"clean2ndSlope":[-1,-1,-1,-1,-1,-1,-1,7,8,9,10,11,-1,13,14,15,16,17,18,19,20,21,-1,23,24,25,-1,-1,28,29,30,31,32,33,34,35,36,37,38,39,40,41,42,43,44,45],
	"cleanCombMethods lax":[-1,-1,-1,-1,-1,-1,-1,-1,-1,-1,-1,-1,-1,-1,14,15,16,17,18,19,-1,-1,-1,-1,-1,-1,-1,-1,-1,29,30,31,32,33,34,35,36,37,38,39,40,41,42,43,44,45],
	"mdk":[0,0,7.47347030483069829642772674560546875e-07,1,3.87007048630039207637310028076171875e-07,0.000240324166952632367610931396484375,0.00029747080407105386257171630859375,3.09490205836482346057891845703125e-05,3.4300857805646955966949462890625e-05,0.0029842513613402843475341796875,0.0597981773316860198974609375,2.47274074354209005832672119140625e-05,3.4312179195694625377655029296875e-05,4.504950265982188284397125244140625e-05,0.0060465191490948200225830078125,0.0039872978813946247100830078125,1.012614302453584969043731689453125e-05,0.17304946482181549072265625,1.41810260174679569900035858154296875e-05,1,5.3451940402737818658351898193359375e-06,4.61995887235389091074466705322265625e-06,4.092121889698319137096405029296875e-05,2.9753960916423238813877105712890625e-05,0.0380357988178730010986328125,0.0045690559782087802886962890625,0,0,1.9841309040202759206295013427734375e-05,0.000125822130939923226833343505859375,0.002363361418247222900390625,0.000171501349541358649730682373046875,2.8229742383700795471668243408203125e-06,0.0005865295534022152423858642578125,1,4.68767620986909605562686920166015625e-06,1,1,0.013992768712341785430908203125,0.20944435894489288330078125,0.0240660645067691802978515625,0.0007628350867889821529388427734375,0.01748212240636348724365234375,8.28641714178957045078277587890625e-05,0.00202541030012071132659912109375,0.006651329807937145233154296875],
	"Q":[0,0,14.10673618316650390625,0,14.76482295989990234375,8.33352184295654296875,8.12019443511962890625,10.3831691741943359375,10.2803401947021484375,5.81440639495849609375,2.81678009033203125,10.60759830474853515625,10.280010223388671875,10.00774860382080078125,5.108272552490234375,5.524641513824462890625,11.50039005279541015625,1.7541778087615966796875,11.16360569000244140625,0,12.139312744140625,12.28512477874755859375,10.10386180877685546875,10.4225482940673828125,3.269227504730224609375,5.3884487152099609375,0,0,10.82774448394775390625,8.98064136505126953125,6.0476703643798828125,8.6709194183349609375,12.7777194976806640625,7.441287517547607421875,0,12.27057361602783203125,0,0,4.269214630126953125,1.56329715251922607421875,3.72695255279541015625,7.1784687042236328125,4.04657649993896484375,9.39830780029296875,6.201982975006103515625,5.01293849945068359375],
	"consCutPoint":{
		"baseline=0":{
			"simPct=0":0,
			"simPct=0.25":0.20944435894489288330078125,
			"simPct=0.5":0.20944435894489288330078125,