{
	"filename": "example.002.AA.phy",
	"sequenNumber": 6,
	"residNumber": 60,
	"aligned": true,
	"format": "phylip40",
	"AutoMethod": "2",
	"SequenceType":3,
	"2ndSlopeCutPoint":1,
	"names": ["Sp17", "Sp10", "Sp8", "Sp33", "Sp6", "Sp26"],
	"sequences": [
		"--------FAYTAPD---LLLIGFLLKTVA-T-FG--DTWF-----QLWQGLDLNKMPVF",
		"----------DPAVL----FV--IMLGTIT-K-FS--SEWF-----FAWLGLEINMMVII",
		"----------GLGKV---IVY-GIVLGTKS-DQFSNWVVWL-----FPWNGLQIHMMGII",
		"-----------PTIL---NIA-GLHMETDI-N-FS--LAWF-----QAWGGLEINKQAIL",
		"----------ASGAI---LTL-GIYLFTLC-AVIS--VSWY-----LAWLGLEINMMAII",
		"AAAAAAAA----ALL---TYL-GLFLGTDY-----EN---FAAAAANAWLGLEINMMAQI"
		],
	"noGapsSequences": [
		"FAYTAPDLLLIGFLLKTVATFGDTWFQLWQGLDLNKMPVF",
		"DPAVLFVIMLGTITKFSSEWFFAWLGLEINMMVII",
		"GLGKVIVYGIVLGTKSDQFSNWVVWLFPWNGLQIHMMGII",
		"PTILNIAGLHMETDINFSLAWFQAWGGLEINKQAIL",
		"ASGAILTLGIYLFTLCAVISVSWYLAWLGLEINMMAII",
		"AAAAAAAAALLTYLGLFLGTDYENFAAAAANAWLGLEINMMAQI"
		],
	"noGapsSize": [40,35,40,36,38,44],
	"gapsPerColumn":[5,5,5,5,5,5,5,5,5,5,2,1,0,0,0,6,6,6,1,0,0,5,1,0,0,0,0,0,0,0,6,1,4,1,1,4,4,1,1,1,0,5,5,5,5,5,0,0,0,0,0,0,0,0,0,0,0,0,0,0],
	"cleanGaps":{
		"baseline=0.000000":{
			"gapsPct=0.000000":[-1,-1,-1,-1,-1,-1,-1,-1,-1,-1,-1,-1,12,13,14,-1,-1,-1,-1,19,20,-1,-1,23,24,25,26,27,28,29,-1,-1,-1,-1,-1,-1,-1,-1,-1,-1,40,-1,-1,-1,-1,-1,46,47,48,49,50,51,52,53,54,55,56,57,58,59],
			"gapsPct=0.250000":[-1,-1,-1,-1,-1,-1,-1,-1,-1,-1,-1,11,12,13,14,-1,-1,-1,18,19,20,-1,22,23,24,25,26,27,28,29,-1,31,-1,33,34,-1,-1,37,38,39,40,-1,-1,-1,-1,-1,46,47,48,49,50,51,52,53,54,55,56,57,58,59],
			"gapsPct=0.500000":[-1,-1,-1,-1,-1,-1,-1,-1,-1,-1,10,11,12,13,14,-1,-1,-1,18,19,20,-1,22,23,24,25,26,27,28,29,-1,31,-1,33,34,-1,-1,37,38,39,40,-1,-1,-1,-1,-1,46,47,48,49,50,51,52,53,54,55,56,57,58,59],
			"gapsPct=0.750000":[-1,-1,-1,-1,-1,-1,-1,-1,-1,-1,10,11,12,13,14,-1,-1,-1,18,19,20,-1,22,23,24,25,26,27,28,29,-1,31,32,33,34,35,36,37,38,39,40,-1,-1,-1,-1,-1,46,47,48,49,50,51,52,53,54,55,56,57,58,59],
			"gapsPct=1.000000":[0,1,2,3,4,5,6,7,8,9,10,11,12,13,14,-1,-1,-1,18,19,20,21,22,23,24,25,26,27,28,29,-1,31,32,33,34,35,36,37,38,39,40,41,42,43,44,45,46,47,48,49,50,51,52,53,54,55,56,57,58,59]
		},
		"baseline=0.250000":{
			"gapsPct=0.000000":[-1,-1,-1,-1,-1,-1,-1,-1,-1,-1,-1,-1,12,13,14,-1,-1,-1,-1,19,20,-1,-1,23,24,25,26,27,28,29,-1,-1,-1,-1,-1,-1,-1,-1,-1,-1,40,-1,-1,-1,-1,-1,46,47,48,49,50,51,52,53,54,55,56,57,58,59],
			"gapsPct=0.250000":[-1,-1,-1,-1,-1,-1,-1,-1,-1,-1,-1,11,12,13,14,-1,-1,-1,18,19,20,-1,22,23,24,25,26,27,28,29,-1,31,-1,33,34,-1,-1,37,38,39,40,-1,-1,-1,-1,-1,46,47,48,49,50,51,52,53,54,55,56,57,58,59],
			"gapsPct=0.500000":[-1,-1,-1,-1,-1,-1,-1,-1,-1,-1,10,11,12,13,14,-1,-1,-1,18,19,20,-1,22,23,24,25,26,27,28,29,-1,31,-1,33,34,-1,-1,37,38,39,40,-1,-1,-1,-1,-1,46,47,48,49,50,51,52,53,54,55,56,57,58,59],
			"gapsPct=0.750000":[-1,-1,-1,-1,-1,-1,-1,-1,-1,-1,10,11,12,13,14,-1,-1,-1,18,19,20,-1,22,23,24,25,26,27,28,29,-1,31,32,33,34,35,36,37,38,39,40,-1,-1,-1,-1,-1,46,47,48,49,50,51,52,53,54,55,56,57,58,59],
			"gapsPct=1.000000":[0,1,2,3,4,5,6,7,8,9,10,11,12,13,14,-1,-1,-1,18,19,20,21,22,23,24,25,26,27,28,29,-1,31,32,33,34,35,36,37,38,39,40,41,42,43,44,45,46,47,48,49,50,51,52,53,54,55,56,57,58,59]
		},
		"baseline=0.500000":{
			"gapsPct=0.000000":[-1,-1,-1,-1,-1,-1,-1,-1,-1,-1,-1,-1,12,13,14,-1,-1,-1,-1,19,20,-1,-1,23,24,25,26,27,28,29,-1,-1,-1,-1,-1,-1,-1,-1,-1,-1,40,-1,-1,-1,-1,-1,46,47,48,49,50,51,52,53,54,55,56,57,58,59],
			"gapsPct=0.250000":[-1,-1,-1,-1,-1,-1,-1,-1,-1,-1,-1,11,12,13,14,-1,-1,-1,18,19,20,-1,22,23,24,25,26,27,28,29,-1,31,-1,33,34,-1,-1,37,38,39,40,-1,-1,-1,-1,-1,46,47,48,49,50,51,52,53,54,55,56,57,58,59],
			"gapsPct=0.500000":[-1,-1,-1,-1,-1,-1,-1,-1,-1,-1,10,11,12,13,14,-1,-1,-1,18,19,20,-1,22,23,24,25,26,27,28,29,-1,31,-1,33,34,-1,-1,37,38,39,40,-1,-1,-1,-1,-1,46,47,48,49,50,51,52,53,54,55,56,57,58,59],
			"gapsPct=0.750000":[-1,-1,-1,-1,-1,-1,-1,-1,-1,-1,10,11,12,13,14,-1,-1,-1,18,19,20,-1,22,23,24,25,26,27,28,29,-1,31,32,33,34,35,36,37,38,39,40,-1,-1,-1,-1,-1,46,47,48,49,50,51,52,53,54,55,56,57,58,59],
			"gapsPct=1.000000":[0,1,2,3,4,5,6,7,8,9,10,11,12,13,14,-1,-1,-1,18,19,20,21,22,23,24,25,26,27,28,29,-1,31,32,33,34,35,36,37,38,39,40,41,42,43,44,45,46,47,48,49,50,51,52,53,54,55,56,57,58,59]
		},
		"baseline=0.750000":{
			"gapsPct=0.000000":[-1,-1,-1,-1,-1,-1,-1,-1,-1,-1,-1,-1,12,13,14,-1,-1,-1,-1,19,20,-1,-1,23,24,25,26,27,28,29,-1,-1,-1,-1,-1,-1,-1,-1,-1,-1,40,-1,-1,-1,-1,-1,46,47,48,49,50,51,52,53,54,55,56,57,58,59],
			"gapsPct=0.250000":[-1,-1,-1,-1,-1,-1,-1,-1,-1,-1,-1,11,12,13,14,-1,-1,-1,18,19,20,-1,22,23,24,25,26,27,28,29,-1,31,-1,33,34,-1,-1,37,38,39,40,-1,-1,-1,-1,-1,46,47,48,49,50,51,52,53,54,55,56,57,58,59],
			"gapsPct=0.500000":[-1,-1,-1,-1,-1,-1,-1,-1,-1,-1,10,11,12,13,14,-1,-1,-1,18,19,20,-1,22,23,24,25,26,27,28,29,-1,31,-1,33,34,-1,-1,37,38,39,40,-1,-1,-1,-1,-1,46,47,48,49,50,51,52,53,54,55,56,57,58,59],
			"gapsPct=0.750000":[-1,-1,-1,-1,-1,-1,-1,-1,-1,-1,10,11,12,13,14,-1,-1,-1,18,19,20,-1,22,23,24,25,26,27,28,29,-1,31,32,33,34,35,36,37,38,39,40,-1,-1,-1,-1,-1,46,47,48,49,50,51,52,53,54,55,56,57,58,59],
			"gapsPct=1.000000":[0,1,2,3,4,5,6,7,8,9,10,11,12,13,14,-1,-1,-1,18,19,20,21,22,23,24,25,26,27,28,29,-1,31,32,33,34,35,36,37,38,39,40,41,42,43,44,45,46,47,48,49,50,51,52,53,54,55,56,57,58,59]
		},
		"baseline=1.000000":{
			"gapsPct=0.000000":[-1,-1,-1,-1,-1,-1,-1,-1,-1,-1,-1,-1,12,13,14,-1,-1,-1,-1,19,20,-1,-1,23,24,25,26,27,28,29,-1,-1,-1,-1,-1,-1,-1,-1,-1,-1,40,-1,-1,-1,-1,-1,46,47,48,49,50,51,52,53,54,55,56,57,58,59],
			"gapsPct=0.250000":[-1,-1,-1,-1,-1,-1,-1,-1,-1,-1,-1,11,12,13,14,-1,-1,-1,18,19,20,-1,22,23,24,25,26,27,28,29,-1,31,-1,33,34,-1,-1,37,38,39,40,-1,-1,-1,-1,-1,46,47,48,49,50,51,52,53,54,55,56,57,58,59],
			"gapsPct=0.500000":[-1,-1,-1,-1,-1,-1,-1,-1,-1,-1,10,11,12,13,14,-1,-1,-1,18,19,20,-1,22,23,24,25,26,27,28,29,-1,31,-1,33,34,-1,-1,37,38,39,40,-1,-1,-1,-1,-1,46,47,48,49,50,51,52,53,54,55,56,57,58,59],
			"gapsPct=0.750000":[-1,-1,-1,-1,-1,-1,-1,-1,-1,-1,10,11,12,13,14,-1,-1,-1,18,19,20,-1,22,23,24,25,26,27,28,29,-1,31,32,33,34,35,36,37,38,39,40,-1,-1,-1,-1,-1,46,47,48,49,50,51,52,53,54,55,56,57,58,59],
			"gapsPct=1.000000":[0,1,2,3,4,5,6,7,8,9,10,11,12,13,14,-1,-1,-1,18,19,20,21,22,23,24,25,26,27,28,29,-1,31,32,33,34,35,36,37,38,39,40,41,42,43,44,45,46,47,48,49,50,51,52,53,54,55,56,57,58,59]
		}
	},
	"cleanNoAllGaps":[0,1,2,3,4,5,6,7,8,9,10,11,12,13,14,-1,-1,-1,18,19,20,21,22,23,24,25,26,27,28,29,-1,31,32,33,34,35,36,37,38,39,40,41,42,43,44,45,46,47,48,49,50,51,52,53,54,55,56,57,58,59],
	"clean2ndSlope":[-1,-1,-1,-1,-1,-1,-1,-1,-1,-1,-1,11,12,13,14,-1,-1,-1,18,19,20,-1,22,23,24,25,26,27,28,29,-1,31,-1,33,34,-1,-1,37,38,39,40,-1,-1,-1,-1,-1,46,47,48,49,50,51,52,53,54,55,56,57,58,59],
	"cleanCombMethods lax":[-1,-1,-1,-1,-1,-1,-1,-1,-1,-1,-1,-1,-1,-1,-1,-1,-1,-1,-1,-1,20,21,22,23,24,25,26,27,-1,-1,-1,-1,-1,-1,-1,-1,-1,-1,-1,-1,-1,-1,-1,-1,-1,-1,-1,47,48,49,50,51,52,53,54,55,56,57,58,59],